year,tmID,confID,rank,playoff,firstRound,semis,finals,o_oreb,o_dreb,d_oreb,d_dreb,min,arena,powerRanking2,offensiveFieldGoalPercentage,offensiveFreeThrowPercentage,offensiveThreePointPercentage,offensiveReboundsPerGame,offensiveAssistsPerGame,offensivePersonalFoulsPerGame,offensiveStealsPerGame,offensiveTurnoversPerGame,offensiveBlocksPerGame,offensivePointsPerGame,defensiveFieldGoalPercentage,defensiveFreeThrowPercentage,defensiveThreePointPercentage,defensiveReboundsPerGame,defensiveAssistsPerGame,defensivePersonalFoulsPerGame,defensiveStealsPerGame,defensiveTurnoversPerGame,defensiveBlocksPerGame,defensivePointsPerGame,winPercentage,homeWinPercentage,awayWinPercentage,conferenceWinPercentage,attendance
9,0,0,0,0,0,0,0,65.96596596596596,26.226226226226224,59.85985985985987,13.513513513513514,6825,11,-141.7933216837963,0.0,51.33506892937555,36.626847672400345,0.0,13.571428571428562,100.0,65.48672566371683,73.33333333333336,46.762589928057565,25.85669781931467,99.51185191281441,0.0,62.26887860731829,85.20179372197302,100.0,73.72262773722626,95.29411764705884,49.60000000000003,29.411764705882366,78.44112769485902,0.0,0.0,0.0,0.0,78.82076738656825
10,0,0,0,1,5,0,0,59.55955955955956,14.414414414414415,64.66466466466466,17.81781781781782,6950,11,105.10536168193477,80.56009684237202,34.03020182323734,8.097396780585782,100.0,54.6511627906977,86.3387978142076,71.79487179487177,88.96103896103895,28.571428571428566,54.19254658385091,36.300203428744496,34.75332671416806,35.692034949980965,56.80933852140079,91.7241379310345,58.510638297872376,100.0,79.21348314606739,50.0,57.83783783783786,54.54545454545454,71.42857142857146,28.571428571428587,32.69230769230769,42.80154096667858
1,1,0,0,0,0,0,0,69.46946946946947,36.93693693693694,67.36736736736736,33.533533533533536,6475,4,-84.23866846058017,58.62838175591689,48.83309170342506,67.72582357421292,47.651006711409394,82.14285714285714,76.81159420289855,6.779661016949152,40.853658536585364,28.723404255319153,55.742725880551305,92.81996967336632,60.90118482067122,50.4927807872135,81.25,100.0,0.7462686567164178,43.90243902439025,0.0,65.75342465753424,100.0,9.090909090909092,9.090909090909092,9.090909090909092,7.692307692307689,0.0
2,1,0,0,1,10,10,5,69.06906906906907,36.03603603603604,65.56556556556556,43.24324324324324,6500,4,155.10934051950488,56.940444906124796,83.95499352783033,73.57117326490211,26.635514018691588,29.891304347826086,51.61290322580645,12.711864406779661,42.57425742574257,42.10526315789473,25.769230769230766,19.7484724673752,66.1882964068418,19.368246051537852,9.30232558139535,31.07344632768362,22.65193370165746,45.33333333333333,36.53846153846153,66.66666666666666,45.94594594594595,44.44444444444444,54.54545454545454,50.0,73.33333333333333,6.6113786797846865
3,1,0,0,1,5,0,0,69.76976976976978,34.63463463463464,70.47047047047047,37.93793793793794,6450,4,131.0472750169593,67.55771423432455,62.727301258513045,100.0,31.386861313868614,44.230769230769226,86.53846153846155,42.5531914893617,0.0,23.157894736842106,53.00668151447662,69.8316072416792,54.03009310737781,58.55580688383354,0.6211180124223602,64.75409836065575,22.981366459627328,0.0,0.0,41.02564102564102,53.31858407079646,56.25,70.0,50.0,54.54545454545454,7.572122666085081
4,1,0,0,1,5,0,0,65.76576576576578,37.03703703703704,61.36136136136137,37.83783783783784,6850,4,162.139613098576,53.209992500983475,79.23098476526687,72.4334080840125,5.128205128205108,44.65408805031445,86.9747899159664,74.79674796747966,36.206896551724114,35.80246913580247,26.315789473684166,34.74328446386977,0.0,55.05414112898372,10.937499999999991,25.925925925925924,19.61722488038279,47.67441860465117,24.193548387096786,19.512195121951205,14.887640449438235,58.82352941176472,90.90909090909093,27.272727272727277,53.84615384615385,12.935418302428142
5,1,0,0,0,0,0,0,74.37437437437437,38.33833833833834,63.16316316316316,37.13713713713714,6900,4,68.65828583473898,77.63871142055518,49.25105523549369,77.60935415878197,0.0,0.0,48.18652849740931,0.9523809523809493,29.100529100529084,73.07692307692311,0.0,46.13436259358796,55.285602503589516,90.62723062065726,19.708029197080258,50.42016806722689,4.316546762589915,15.887850467289718,4.294478527607383,5.88235294117648,0.0,43.749999999999986,44.44444444444445,42.857142857142854,27.999999999999996,2.3558463024364986
6,1,0,0,0,0,0,0,68.36836836836837,39.03903903903904,64.46446446446447,29.929929929929934,6945,4,-161.1902172204067,6.057415852267319,36.42488608952028,77.06674720628199,0.0,42.85714285714288,81.11111111111111,63.12056737588653,75.34246575342466,35.92233009708738,0.0,100.0,0.0,100.0,80.34188034188035,45.86466165413531,41.55844155844155,83.72093023255813,58.29383886255924,89.33333333333333,77.07006369426745,0.0,0.0,0.0,10.000000000000004,0.0
7,1,0,0,0,0,0,0,65.26526526526526,25.225225225225223,62.96296296296296,12.912912912912914,6825,17,-15.804936459773787,3.2740276558583394,11.121378678388878,41.30688878772592,27.54716981132079,31.51515151515151,80.31496062992129,75.77639751552796,98.50746268656717,100.0,21.003134796238225,55.902199146653,69.99716068980639,46.752549651100296,83.7121212121212,31.78807947019868,82.55033557046978,71.42857142857146,92.82051282051285,66.66666666666666,45.29307282415633,28.57142857142857,33.33333333333333,20.0,18.181818181818183,48.42660433322202
7,2,0,0,0,0,0,0,64.26426426426426,31.931931931931935,62.06206206206206,13.913913913913914,6800,19,-190.87768599695758,0.0,0.0,0.0,6.037735849056586,20.606060606060602,56.692913385826785,52.17391304347825,63.43283582089552,58.33333333333333,0.0,100.0,49.048913043478386,100.0,83.3333333333333,98.67549668874173,0.0,40.259740259740276,49.74358974358973,57.4074074074074,65.89698046181174,0.0,0.0,0.0,0.0,0.0
8,2,0,0,0,0,0,0,61.66166166166166,21.72172172172172,62.06206206206206,15.315315315315313,6972,19,-28.198144704287277,5.918933113881416,0.0,52.35173053900274,38.13559322033898,59.24170616113742,11.034482758620731,35.714285714285715,16.326530612244884,26.562499999999993,18.300653594771255,61.837320111816794,53.252977921931766,100.0,54.670329670329686,71.2418300653595,48.14814814814819,0.0,46.10389610389612,70.66666666666666,45.13108614232213,28.57142857142855,14.285714285714285,55.55555555555555,5.45454545454546,0.0
9,2,0,0,0,0,0,0,64.26426426426426,22.922922922922922,63.36336336336337,20.52052052052052,6875,19,97.87151615363477,86.2032529866243,20.236073969412526,15.563853810539072,24.390243902439064,53.571428571428534,19.07216494845358,51.327433628318595,32.121212121212125,51.79856115107915,16.19937694704051,48.401746030678964,100.0,53.204335718876514,38.116591928251104,26.086956521739125,40.87591240875918,30.588235294117656,18.400000000000034,19.607843137254907,17.247097844112787,40.0,46.666666666666664,16.666666666666657,57.14285714285714,0.0
10,2,0,0,0,0,0,0,69.26926926926927,22.32232232232232,64.06406406406407,20.22022022022022,6825,19,46.00753730189459,57.658766433174776,38.466345203722405,100.0,16.190476190476183,45.930232558139515,12.021857923497224,20.512820512820497,51.298701298701296,48.8095238095238,9.472049689441002,70.47345748772787,46.819421020799076,44.944939280419305,49.80544747081711,88.27586206896552,24.468085106383015,25.25252525252526,16.29213483146068,23.913043478260857,39.099099099099085,36.36363636363634,71.42857142857146,0.0,32.69230769230769,0.0
1,3,0,0,1,10,5,0,66.86686686686687,39.63963963963964,72.27227227227228,40.34034034034034,6500,12,153.20001422791327,73.63539804966699,49.10763686791743,75.06012108778268,47.31543624161073,76.0204081632653,44.927536231884055,38.13559322033898,66.46341463414635,29.78723404255319,55.5895865237366,68.24779448715664,100.0,47.59584525863885,0.0,68.88888888888889,73.13432835820896,100.0,100.0,27.397260273972602,28.27102803738318,50.0,81.81818181818183,18.181818181818183,69.23076923076924,30.403274771333997
2,3,0,0,1,5,0,0,70.27027027027027,33.733733733733736,70.27027027027027,40.54054054054054,6425,12,243.50585644910953,71.03033000956104,55.04113302896548,34.63024415550311,31.775700934579437,49.45652173913043,12.365591397849462,55.08474576271186,12.871287128712872,1.3157894736842104,15.96153846153846,0.0,37.132737576285905,27.142575216634686,0.0,25.98870056497175,32.59668508287293,2.666666666666667,67.94871794871796,70.83333333333334,0.0,66.66666666666666,81.81818181818183,60.0,73.33333333333333,33.556545702732635
3,3,0,0,0,0,0,0,70.47047047047047,32.532532532532535,72.17217217217218,35.93593593593594,6550,12,-43.08422117866821,40.132276782928855,94.33259333202005,34.22351054644132,36.496350364963504,33.97435897435898,48.07692307692308,21.27659574468085,32.33082706766917,0.0,15.14476614699332,74.88705405826452,90.70730261296944,39.137977656448896,2.484472049689441,98.36065573770492,31.05590062111801,49.275362318840585,3.418803418803419,48.717948717948715,54.86725663716814,6.25,0.0,41.66666666666667,9.090909090909086,33.26729914094968
4,3,0,0,1,5,0,0,65.06506506506507,27.927927927927925,69.96996996996997,29.52952952952953,6825,12,114.7720025600718,44.74457464793045,36.00660228464312,24.42159383033414,41.025641025641,55.97484276729558,62.60504201680672,31.707317073170742,18.39080459770112,0.0,28.947368421052634,43.92742964113248,68.00710759365177,79.85367087111145,9.375000000000028,39.99999999999999,44.97607655502393,0.0,23.118279569892454,57.31707317073172,19.10112359550562,52.94117647058824,72.72727272727273,36.36363636363637,61.53846153846153,17.14155726938515
4,4,0,0,1,10,5,0,66.66666666666666,23.723723723723726,63.36336336336337,18.71871871871872,6875,10,135.83182195537472,42.352161953753885,52.75931690486617,29.606178094314945,50.54945054945049,57.8616352201258,72.68907563025212,67.47967479674799,0.0,30.864197530864196,62.9385964912281,25.077319657245482,54.988578315760414,30.93078266861079,100.0,71.85185185185186,49.76076555023922,33.72093023255816,27.956989247311824,0.0,75.00000000000007,58.82352941176472,63.636363636363654,54.54545454545454,46.153846153846146,0.0
5,4,0,0,1,10,10,5,67.86786786786787,27.52752752752753,69.36936936936937,24.224224224224226,6900,10,153.15344741763877,77.47772818142208,44.73428407448034,26.75177178490877,58.05369127516775,73.00000000000003,28.497409326424865,85.71428571428575,20.105820105820094,0.0,60.29776674937965,75.18982637631187,43.75141949291576,95.57067963617992,68.61313868613138,91.59663865546221,27.33812949640288,12.149532710280358,38.03680981595093,3.921568627450996,62.96296296296291,56.25,44.44444444444445,71.4285714285714,93.99999999999999,0.0
6,4,0,0,1,10,10,10,67.76776776776778,21.12112112112112,64.96496496496496,27.127127127127125,6800,10,350.4265392655523,100.0,53.69337979094083,82.4528393858153,63.79310344827588,100.0,23.888888888888843,29.078014184397166,18.49315068493153,52.427184466019426,94.04466501240697,0.0,91.2098584233112,6.847661416376109,100.0,45.11278195488719,55.19480519480518,70.93023255813951,14.691943127962093,0.0,48.08917197452226,100.0,89.99999999999999,100.0,80.71428571428572,32.14175198783753
7,4,0,0,1,10,5,0,65.76576576576578,7.307307307307307,62.96296296296296,21.62162162162162,6825,10,377.06962539669377,72.03748835613858,100.0,65.1138698524798,93.20754716981139,93.93939393939397,0.0,36.64596273291926,53.73134328358208,97.22222222222223,56.58307210031344,22.11891936156562,0.0,30.07341473620146,50.7575757575758,35.7615894039735,41.61073825503357,54.545454545454554,24.615384615384624,25.925925925925913,17.93960923623446,100.0,91.66666666666664,100.0,100.0,67.23860221178967
8,4,0,0,1,5,0,0,64.56456456456456,13.113113113113112,66.26626626626627,15.715715715715717,6925,10,206.50887005385908,73.73164435476788,71.74071041015641,50.77063800594548,62.28813559322026,69.66824644549763,15.862068965517222,45.91836734693878,36.734693877551024,95.31249999999997,42.81045751633986,46.9577971155734,24.685506903113392,32.83655065845611,42.032967032967065,69.28104575163404,17.28395061728396,5.063291139240525,18.831168831168835,0.0,41.76029962546819,57.14285714285714,42.85714285714284,77.77777777777779,45.45454545454546,69.50222320807413
9,4,0,0,1,5,0,0,62.96296296296296,13.013013013013014,63.96396396396396,15.915915915915916,6850,10,282.20817667965105,70.00825714798125,50.11389206660717,26.31294965080181,79.02439024390242,95.71428571428564,13.917525773195862,0.0,9.090909090909099,14.388489208633098,50.15576323987544,51.25328797845462,0.4883099842853334,37.21708498170985,56.053811659192846,37.198067632850226,56.934306569343065,27.058823529411786,0.0,0.0,22.38805970149253,85.0,80.0,83.33333333333331,78.57142857142857,67.45222486396149
10,4,0,0,0,0,0,0,64.16416416416416,17.31731731731732,67.06706706706707,5.405405405405405,6975,10,83.5257537349025,5.865040204114296,29.78063994662787,19.63076825306037,64.28571428571422,90.11627906976744,51.366120218579184,21.153846153846136,0.0,39.2857142857143,21.58385093167703,43.96836352436667,62.805060934166455,4.535702497524494,95.7198443579766,29.655172413793117,50.0,0.0,50.00000000000002,32.6086956521739,32.07207207207209,36.36363636363634,71.42857142857146,0.0,32.69230769230769,38.63854799634616
1,5,0,0,0,0,0,0,65.86586586586587,35.53553553553554,66.86686686686687,35.93593593593594,6425,16,-11.18575484260686,69.68503898495794,45.770033186584854,4.358255660925348,64.42953020134227,57.6530612244898,71.01449275362319,38.983050847457626,61.58536585365854,26.595744680851062,77.947932618683,100.0,51.98484846302761,90.19064422446371,68.05555555555556,53.888888888888886,57.46268656716418,74.39024390243902,92.85714285714286,100.0,99.29906542056075,36.36363636363637,36.36363636363637,36.36363636363637,46.15384615384615,10.658675597861214
2,5,0,0,0,0,0,0,67.56756756756756,37.83783783783784,72.07207207207207,29.72972972972973,6550,16,-87.01312432341108,39.625830599688676,72.08860938554619,69.40740343411582,25.233644859813083,30.978260869565215,50.0,19.491525423728813,66.33663366336634,0.0,35.0,100.0,64.23304100038723,85.40413671703094,41.86046511627907,28.24858757062147,29.2817679558011,52.0,59.61538461538461,45.83333333333333,100.0,0.0,9.090909090909092,20.0,19.999999999999993,9.072938934246787
3,5,0,0,0,0,0,0,63.96396396396396,28.02802802802803,68.56856856856857,33.033033033033036,6450,16,-91.80560784801925,0.0,51.21633791906625,15.965649004997696,76.64233576642336,32.69230769230769,68.26923076923077,0.0,100.0,51.578947368421055,24.721603563474385,53.225806451612925,100.0,28.029051799850684,42.857142857142854,45.08196721311475,45.962732919254655,100.0,16.23931623931624,87.17948717948718,82.7433628318584,0.0,30.0,8.333333333333332,0.0,0.0
4,5,0,0,1,10,10,10,62.06206206206206,14.814814814814813,60.96096096096096,32.532532532532535,6900,16,363.0920955798389,100.0,24.08883264303594,100.0,100.0,73.58490566037739,48.31932773109243,61.78861788617886,100.0,88.8888888888889,100.0,0.15443349398197562,34.54402730916989,0.0,40.62499999999997,35.555555555555564,100.0,100.0,39.24731182795698,49.999999999999986,71.06741573033706,100.0,90.90909090909093,90.90909090909092,100.0,22.904818861583394
5,5,0,0,1,5,0,0,60.26026026026025,22.62262262262262,67.46746746746747,26.926926926926924,6850,16,126.28687666040635,53.795727075295616,0.0,0.0,100.0,69.00000000000004,48.18652849740931,64.76190476190476,47.089947089947074,100.0,67.99007444168743,38.466895793669146,100.0,76.94791559024536,62.773722627737236,49.57983193277311,100.0,58.87850467289718,40.49079754601227,39.215686274509814,98.61111111111104,49.99999999999999,22.222222222222214,85.71428571428571,61.00000000000001,46.64197309595643
6,5,0,0,1,5,0,0,58.75875875875876,19.61961961961962,72.67267267267268,25.425425425425423,6925,16,101.28498380354411,5.755958911833826,0.0,30.21543162719628,100.0,29.285714285714313,100.0,32.62411347517729,100.0,76.69902912621359,37.717121588089384,10.289025496764538,79.43697052187905,56.992336558602254,48.717948717948694,28.57142857142856,100.0,87.20930232558138,51.65876777251187,76.0,61.783439490445836,49.99999999999999,70.0,27.272727272727266,65.00000000000003,82.47608540637992
7,5,0,0,1,10,10,10,59.35935935935935,11.911911911911911,67.56756756756756,23.923923923923923,6825,16,308.832514528794,28.84163089784061,39.40462591026021,48.01578039212522,100.0,58.78787878787879,71.25984251968502,12.422360248447198,70.89552238805972,75.0,32.131661442006276,0.0,75.23087292283928,18.135604410114208,24.621212121212146,0.0,100.0,57.14285714285714,34.871794871794876,35.18518518518517,12.078152753108357,85.71428571428574,91.66666666666664,70.0,90.9090909090909,100.0
8,5,0,0,1,10,10,5,61.96196196196196,6.806806806806807,69.06906906906907,21.92192192192192,6850,16,349.0048096938808,72.96848132526804,58.03501415012748,76.87893521847865,100.0,43.12796208530804,57.93103448275866,0.0,53.06122448979595,34.375000000000014,46.40522875816997,0.0,28.72490770471638,17.02295815454581,17.307692307692328,46.40522875816995,100.0,43.03797468354429,22.077922077922068,42.66666666666667,31.83520599250937,100.0,100.0,100.0,85.45454545454547,100.0
9,5,0,0,1,10,10,10,59.45945945945946,15.615615615615615,67.56756756756756,23.823823823823822,6875,16,338.7564669989351,76.16547046272773,51.1740856041441,57.6019692194438,83.41463414634146,93.57142857142856,62.88659793814432,59.29203539823007,14.545454545454534,29.496402877697847,47.35202492211842,31.89371338942331,64.3775359633276,69.53123272933598,4.484304932735408,20.772946859903396,100.0,0.0,58.40000000000004,14.705882352941183,19.237147595356525,89.99999999999999,86.66666666666667,83.33333333333331,100.0,100.0
10,5,0,0,1,10,5,0,62.66266266266266,14.614614614614615,67.96796796796797,21.82182182182182,6975,16,166.28400318268186,48.9296355540701,30.081823696242356,55.12876635775158,84.28571428571432,70.9302325581395,100.0,28.205128205128204,60.3896103896104,0.0,21.73913043478263,17.274994929962155,40.85905507614078,33.985434813651324,28.404669260700395,28.96551724137933,67.02127659574468,31.313131313131297,39.88764044943819,0.0,30.270270270270267,54.54545454545454,57.14285714285715,42.857142857142854,42.307692307692314,54.97994360379681
1,6,1,0,1,10,10,10,72.67267267267268,27.52752752752753,70.97097097097097,38.73873873873874,6475,5,409.1534052824922,100.0,100.0,79.07906812820545,68.45637583892618,53.06122448979592,0.0,59.32203389830508,6.707317073170732,43.61702127659575,100.0,15.837823889717479,43.46698836259622,20.640976947340597,20.13888888888889,31.666666666666664,39.55223880597015,12.195121951219512,42.857142857142854,13.698630136986301,15.186915887850466,95.45454545454545,90.9090909090909,100.0,100.0,68.62526196212076
2,6,1,0,1,5,0,0,65.16516516516516,28.928928928928926,70.27027027027027,31.431431431431434,6450,5,157.49061367501952,24.468572451737593,79.19119215942871,35.411238756526885,78.03738317757009,7.608695652173914,0.0,41.52542372881356,4.9504950495049505,17.105263157894736,24.23076923076923,15.37997320951931,16.000384024577468,44.30590191188692,42.32558139534884,36.15819209039548,12.70718232044199,33.33333333333333,27.564102564102566,61.111111111111114,42.82744282744283,50.0,54.54545454545454,60.0,60.00000000000001,55.28240657274577
3,6,1,0,1,5,0,0,70.07007007007007,29.72972972972973,69.06906906906907,33.533533533533536,6425,5,315.30207576119574,55.499897073295166,91.69180554247879,38.31803097427325,48.175182481751825,14.743589743589745,0.0,62.76595744680851,35.338345864661655,45.26315789473684,15.367483296213807,0.0,34.914760790947255,10.418761662332855,36.64596273291926,29.508196721311474,26.70807453416149,78.26086956521739,34.18803418803419,0.0,0.0,93.75,100.0,75.0,90.90909090909092,57.235893521379325
4,6,1,0,1,5,0,0,73.37337337337337,23.523523523523522,70.17017017017017,29.129129129129126,6825,5,234.67582549672528,73.51055297370579,92.25967925867434,42.57273046571411,26.739926739926705,23.270440251572314,0.0,35.77235772357724,9.195402298850542,53.08641975308641,32.23684210526313,15.35140856215117,13.761642283567713,53.63848216367455,10.416666666666691,44.44444444444442,33.01435406698567,4.651162790697693,3.225806451612892,41.463414634146346,0.0,70.58823529411765,100.0,36.36363636363637,69.23076923076923,35.05360405644386
5,6,1,0,0,0,0,0,68.86886886886887,27.52752752752753,66.46646646646647,27.927927927927925,6850,18,15.676935756505367,44.71992859688553,56.88917232078453,56.02326959214612,54.69798657718119,12.50000000000002,0.0,31.428571428571416,31.746031746031722,21.153846153846146,21.091811414392076,48.454172691241496,38.12599584725387,69.09601507068454,62.773722627737236,69.7478991596639,47.48201438848923,29.90654205607474,25.15337423312885,35.29411764705881,19.9074074074074,24.999999999999993,33.333333333333336,14.285714285714276,10.0,23.33741573816849
6,6,1,0,1,10,5,0,72.37237237237237,31.53153153153153,72.57257257257257,31.23123123123123,6875,18,141.29317754593805,91.47235320111889,65.83972125435538,0.0,12.068965517241361,24.28571428571429,0.0,36.170212765957444,0.0,28.155339805825246,53.101736972704686,72.65275594335833,79.9207435789525,75.63223918881012,0.0,79.69924812030074,61.68831168831173,0.0,33.175355450236964,42.666666666666664,54.14012738853504,65.0,60.0,63.63636363636361,57.14285714285715,30.43577703929931
7,6,1,0,1,5,0,0,69.66966966966966,17.71771771771772,66.26626626626627,21.22122122122122,6925,18,200.71204124353957,70.8312344825873,11.570198517101185,87.87845485366394,39.2452830188679,34.54545454545453,34.25196850393703,36.64596273291926,92.53731343283584,1.3888888888888844,28.996865203761736,43.22486940601919,15.176332189420549,0.0,39.77272727272733,34.437086092715234,81.20805369127515,87.01298701298707,41.538461538461554,0.0,23.62344582593249,61.904761904761905,75.0,40.0,63.63636363636365,71.64843151505627
8,6,1,0,0,0,0,0,62.56256256256256,22.922922922922922,65.76576576576578,27.82782782782783,6800,18,30.22004576182818,61.29717047029505,65.44143499876303,57.54551121608622,29.237288135593232,40.75829383886252,25.517241379310374,63.26530612244898,100.0,21.87500000000001,15.849673202614412,48.21307597388351,84.37784696179772,41.857169810594186,10.164835164835177,73.8562091503268,44.44444444444443,86.07594936708858,47.402597402597415,100.0,48.31460674157307,21.42857142857142,28.57142857142855,33.33333333333333,36.36363636363637,72.85568808541959
9,6,1,0,0,0,0,0,62.36236236236237,19.61961961961962,65.06506506506507,25.625625625625624,6925,18,114.35204784687414,56.276695842386204,61.52018455588561,6.463606893798582,49.75609756097568,59.28571428571423,64.9484536082474,74.33628318584068,76.96969696969698,30.935251798561154,30.062305295950196,43.586183552624895,16.87691202205799,100.0,7.62331838565022,31.400966183574887,86.86131386861318,98.82352941176471,44.80000000000004,59.80392156862745,33.167495854062985,64.99999999999999,80.0,16.666666666666657,57.14285714285714,49.5458750733663
1,7,0,0,0,0,0,0,71.47147147147147,35.23523523523524,67.86786786786787,36.63663663663664,6425,6,37.07154480710423,64.66765103709955,52.41053494565098,100.0,46.644295302013425,56.63265306122449,42.51207729468599,48.30508474576271,54.268292682926834,67.02127659574468,59.87748851454824,83.09919292727257,68.99063813558547,28.52859816015615,56.25,62.22222222222222,12.686567164179104,53.65853658536586,39.682539682539684,0.0,67.5233644859813,13.636363636363635,9.090909090909092,18.181818181818183,23.076923076923073,58.30542335037311
2,7,0,0,0,0,0,0,71.37137137137137,35.03503503503504,69.36936936936937,33.933933933933936,6475,6,-66.30887873854459,55.90551679760628,100.0,68.39403288939285,20.5607476635514,25.0,48.924731182795696,33.89830508474576,59.4059405940594,47.368421052631575,44.61538461538462,84.66406917920149,4.070367398882252,68.45080758593977,34.883720930232556,100.0,43.0939226519337,44.0,48.717948717948715,88.88888888888889,95.84199584199584,0.0,18.181818181818183,10.0,19.999999999999993,28.115100316789864
3,7,0,0,1,5,0,0,68.46846846846847,36.63663663663664,71.17117117117117,35.53553553553554,6425,6,52.99832852342056,3.0110079651546764,100.0,41.03849502771512,28.832116788321166,12.82051282051282,44.230769230769226,71.27659574468085,22.55639097744361,17.894736842105264,20.93541202672606,84.84157559556574,0.0,50.26951687175618,11.180124223602485,79.50819672131148,52.17391304347826,26.08695652173913,39.31623931623932,94.87179487179486,52.43362831858407,43.75,60.0,41.66666666666667,54.54545454545454,24.701634497716064
4,7,0,0,0,0,0,0,66.56656656656656,34.53453453453454,69.06906906906907,32.232232232232235,6875,6,61.81803417230692,51.45514480226373,100.0,59.68026992287915,11.355311355311335,69.81132075471697,74.78991596638659,91.05691056910572,22.988505747126425,43.209876543209866,52.63157894736838,82.65741514348662,70.628117402311,100.0,0.0,84.44444444444446,31.57894736842105,4.651162790697693,47.31182795698924,100.0,50.280898876404514,47.05882352941176,72.72727272727273,27.272727272727277,53.84615384615385,28.871342926539327
5,7,0,0,0,0,0,0,60.36036036036037,29.429429429429426,71.87187187187187,31.131131131131127,6850,6,40.818154998936194,0.0,98.39041045272486,57.86058918134397,76.8456375838926,64.50000000000003,43.52331606217614,49.52380952380954,32.80423280423281,73.07692307692311,26.302729528535934,77.47190332880669,48.78392405544379,62.82844871147041,0.0,48.73949579831933,10.071942446043135,39.25233644859813,22.08588957055214,100.0,35.64814814814813,37.49999999999999,44.44444444444445,28.57142857142857,27.999999999999996,14.907747607810338
6,7,0,0,1,10,5,0,65.86586586586587,32.83283283283283,72.07207207207207,28.82882882882883,6925,6,205.23716736273414,0.0,63.293941967030754,32.33566433566434,30.000000000000004,42.85714285714288,48.33333333333334,100.0,35.61643835616439,18.446601941747566,18.61042183622827,62.90262901974134,5.883873791463335,53.05449361948337,24.786324786324748,0.0,35.064935064935085,43.0232558139535,69.66824644549762,45.333333333333336,12.73885350318467,75.0,89.99999999999999,54.54545454545453,88.57142857142858,59.78984756548764
7,7,0,0,1,5,0,0,66.06606606606607,24.424424424424423,71.17117117117117,22.62262262262262,6850,6,200.60139920000714,18.80227288445872,62.30212622940983,23.52006385428914,27.54716981132079,15.757575757575736,29.9212598425197,100.0,64.17910447761194,13.888888888888884,17.711598746081524,68.80039139749672,45.704475130356734,13.607810709259988,15.909090909090942,21.85430463576159,67.7852348993289,36.36363636363635,91.79487179487182,29.629629629629633,0.0,76.1904761904762,75.0,70.0,72.72727272727273,63.97002494647312
8,7,0,0,1,10,5,0,65.86586586586587,18.71871871871872,63.06306306306306,20.42042042042042,6875,6,277.1461966528486,40.81438541518586,69.94916792976235,56.15291637244525,33.050847457627135,18.48341232227487,19.310344827586217,82.65306122448979,70.06802721088437,64.06249999999999,10.947712418300643,11.476450119395375,0.0,7.574768064992836,37.912087912087905,0.0,35.80246913580248,48.101265822784775,74.67532467532466,38.666666666666664,0.0,78.57142857142856,100.0,66.66666666666666,65.45454545454547,67.91421744084049
9,7,0,0,1,5,0,0,65.06506506506507,22.12212212212212,66.16616616616616,16.616616616616618,6950,6,153.12881336103231,15.35353136738399,55.434453063044145,41.60748233331401,24.390243902439064,19.285714285714253,64.43298969072167,100.0,68.48484848484851,63.30935251798561,16.35514018691591,52.429715409750564,76.73530486405552,42.59495630247339,43.04932735426002,0.0,24.817518248175194,76.47058823529413,87.20000000000005,25.49019607843139,8.45771144278607,64.99999999999999,66.66666666666666,50.0,71.42857142857143,68.43707410244421
10,7,0,0,1,10,10,5,65.76576576576578,21.92192192192192,68.16816816816817,15.015015015015015,6925,6,267.4792802181561,0.0,78.31335852909433,38.25881152929738,34.761904761904766,43.023255813953476,59.56284153005459,100.0,50.649350649350644,23.80952380952382,14.596273291925463,48.80585591879699,21.779405487708402,0.0,54.08560311284042,11.03448275862069,58.510638297872376,23.232323232323246,100.0,13.043478260869556,4.504504504504502,90.90909090909088,100.0,57.14285714285714,100.0,54.10222804718218
1,8,1,0,1,10,5,0,69.16916916916917,21.62162162162162,69.96996996996997,32.13213213213213,6450,14,368.3267412777841,71.38784199186297,75.83183364700821,59.91284224788439,100.0,100.0,72.94685990338165,48.30508474576271,22.5609756097561,98.93617021276596,91.11791730474732,0.0,29.329764531168518,19.37872249659537,72.91666666666666,16.11111111111111,41.04477611940299,24.390243902439025,46.82539682539682,41.0958904109589,39.25233644859813,100.0,100.0,100.0,100.0,9.167531712922159
2,8,1,0,1,10,10,10,64.96496496496496,24.424424424424423,70.57057057057057,37.23723723723724,6475,14,363.67364735041605,94.49233223540222,69.0035071415136,82.5772223334926,100.0,100.0,57.52688172043011,66.94915254237289,6.9306930693069315,73.68421052631578,100.0,14.706062841073319,59.594194138113956,29.04554534062856,13.953488372093023,84.7457627118644,29.2817679558011,14.666666666666666,40.38461538461539,52.77777777777778,78.5862785862786,100.0,100.0,100.0,100.0,34.24743091147913
3,8,1,0,1,10,10,10,67.06706706706707,18.51851851851852,68.56856856856857,35.43543543543544,6475,14,333.12391767546563,100.0,61.84069150702608,79.73172730586016,100.0,100.0,94.71153846153845,59.57446808510638,81.95488721804512,82.10526315789474,100.0,19.10364145658268,48.62743990046273,14.435427112631716,27.95031055900621,80.32786885245902,37.267080745341616,97.10144927536231,24.786324786324787,51.28205128205128,75.88495575221239,100.0,80.0,100.0,100.0,55.880072213538824
4,8,1,0,1,10,10,5,66.36636636636636,18.61861861861862,68.36836836836837,21.02102102102102,6900,14,264.66475258556255,52.269240980996024,95.38116146658032,37.388627599906485,70.32967032967034,100.0,80.67226890756304,44.71544715447154,20.68965517241379,92.59259259259258,88.15789473684207,10.09760428388713,3.7479763596388675,86.77901263352415,61.97916666666665,85.92592592592592,42.58373205741625,20.93023255813953,23.655913978494635,47.5609756097561,81.4606741573034,94.11764705882354,72.72727272727273,100.0,92.30769230769232,40.7266083051432
5,8,1,0,1,5,0,0,68.76876876876878,19.01901901901902,66.06606606606607,27.227227227227228,6975,14,342.18960213223954,100.0,42.707367376186355,98.58765585760581,83.55704697986573,100.0,91.19170984455958,50.47619047619049,55.555555555555536,100.0,100.0,0.0,30.41177099594188,59.69371156438095,70.80291970802914,63.8655462184874,82.73381294964034,57.94392523364485,57.0552147239264,5.88235294117648,89.3518518518517,100.0,100.0,100.0,100.0,62.98055381306569
6,8,1,0,1,5,0,0,67.86786786786787,31.631631631631627,66.76676676676678,29.02902902902903,6800,14,96.6638002627826,52.204411963962094,41.05425584868096,32.1578576462297,27.241379310344843,84.28571428571433,86.66666666666664,48.93617021276595,45.89041095890412,58.252427184466015,57.32009925558309,39.1459048805124,65.91111253829018,76.84692054229757,68.37606837606833,99.24812030075184,41.55844155844155,58.13953488372091,63.033175355450254,48.0,80.25477707006364,55.00000000000001,60.0,45.454545454545446,64.28571428571428,70.58942241715663
7,8,1,0,1,10,5,0,64.96496496496496,14.714714714714713,66.36636636636636,25.325325325325327,6825,14,276.10550221549727,64.82456354480706,41.70927448626309,2.0495769523891085,68.30188679245283,81.81818181818181,58.66141732283463,63.975155279503085,68.65671641791042,63.888888888888886,39.65517241379308,18.258659637515464,49.3470872247392,60.835099019690965,23.863636363636388,60.26490066225164,34.89932885906043,68.83116883116887,60.5128205128205,72.22222222222221,28.419182948490235,95.23809523809524,100.0,80.0,100.0,82.15345027401835
8,8,1,0,0,0,0,0,64.36436436436436,21.62162162162162,65.66566566566566,16.316316316316314,6900,14,-84.69356319671843,10.375778170452715,78.1748104742136,66.48910178487598,27.1186440677966,38.86255924170613,78.62068965517246,18.36734693877551,57.82312925170066,18.75,19.60784313725491,65.41551234594914,27.94621898677751,55.205820720799515,42.032967032967065,92.15686274509807,0.0,60.75949367088608,35.714285714285694,69.33333333333333,63.295880149812724,0.0,0.0,22.22222222222222,0.0,81.92395720954619
9,8,1,0,1,10,5,0,61.36136136136137,10.31031031031031,64.06406406406407,23.123123123123122,7000,14,294.27395588494994,76.10121965043281,53.77415836521864,0.0,100.0,100.0,57.2164948453608,35.39823008849559,82.42424242424245,100.0,35.825545171339556,0.0,26.421517081274466,57.2493468392741,23.31838565022423,17.391304347826082,67.15328467153292,87.05882352941181,19.20000000000003,36.27450980392159,19.402985074626848,80.0,73.33333333333336,83.33333333333331,71.42857142857143,98.97535887309373
10,8,1,0,1,10,5,0,63.46346346346346,11.611611611611613,67.96796796796797,26.926926926926924,6925,14,230.44295464047468,47.846786398806316,58.27295454307726,0.0,94.76190476190469,77.90697674418605,0.0,0.0,74.67532467532472,82.14285714285717,3.2608695652174244,0.0,28.292687008664576,25.294415600861086,8.560311284046705,23.44827586206896,17.02127659574468,52.52525252525256,1.68539325842696,10.869565217391301,3.9639639639639306,54.54545454545454,57.14285714285715,42.857142857142854,52.88461538461541,87.16390642996149
1,9,0,0,0,0,0,0,63.46346346346346,40.44044044044044,72.47247247247248,35.13513513513514,6475,2,12.575386098807106,0.0,3.518480113356685,0.0,56.04026845637584,12.755102040816327,73.91304347826086,49.152542372881356,57.92682926829268,26.595744680851062,1.3782542113323124,48.3151365900292,38.840654404380146,96.07938044530499,34.72222222222222,0.0,49.25373134328358,29.268292682926827,80.95238095238095,58.9041095890411,0.0,31.818181818181817,45.45454545454545,18.181818181818183,38.46153846153847,23.998015290100607
2,9,0,0,1,5,0,0,70.77077077077078,34.83483483483483,69.86986986986987,33.233233233233236,6575,2,212.00991425686104,49.67126449210747,71.30143368589685,33.526592886683495,24.299065420560748,29.891304347826086,50.0,83.05084745762711,16.831683168316832,93.42105263157895,6.923076923076923,16.160772616860946,11.906682027649719,14.10713722024059,35.81395348837209,0.0,0.0,48.0,78.2051282051282,15.277777777777779,22.86902286902287,55.55555555555556,45.45454545454545,80.0,66.66666666666666,29.91475004507173
3,9,0,0,0,0,0,0,70.37037037037037,42.64264264264264,72.17217217217218,30.630630630630627,6475,2,46.90944514620495,38.919439286721,28.651551505924367,41.14790089578453,0.0,31.41025641025641,84.61538461538461,77.6595744680851,20.30075187969925,13.684210526315791,9.57683741648107,72.45727559316406,94.1784268973284,38.96793865997578,35.40372670807454,29.508196721311474,15.527950310559005,20.28985507246377,77.77777777777779,42.30769230769231,43.36283185840708,37.5,50.0,41.66666666666667,45.45454545454547,28.52253038178668
1,10,1,0,0,0,0,0,74.17417417417418,38.73873873873874,69.96996996996997,32.232232232232235,6425,15,30.131028143632648,52.80219866252993,56.68526469540992,86.31294152505662,25.838926174496645,53.57142857142857,65.70048309178745,19.491525423728813,41.46341463414634,0.0,56.814701378254206,52.72143738955057,47.64165450640528,65.33797368744128,72.22222222222221,31.11111111111111,83.5820895522388,63.41463414634146,96.03174603174604,75.34246575342466,43.69158878504673,40.909090909090914,36.36363636363637,45.45454545454545,7.692307692307689,16.762311403594676
2,10,1,0,0,0,0,0,69.16916916916917,30.630630630630627,67.16716716716716,31.131131131131127,6475,15,-31.444443284495804,0.0,78.44372362527507,36.92795290923968,51.4018691588785,13.586956521739129,100.0,6.779661016949152,75.24752475247524,59.210526315789465,30.0,11.994290255835299,100.0,34.91905828648722,58.139534883720934,69.49152542372882,100.0,48.0,51.28205128205128,69.44444444444444,76.50727650727652,11.11111111111111,9.090909090909092,40.0,33.33333333333333,16.3224045123239
3,10,1,0,0,0,0,0,69.06906906906907,34.93493493493494,69.76976976976978,38.73873873873874,6475,15,-73.47849556143257,22.68800272779125,0.0,41.47354138398916,32.846715328467155,25.0,72.11538461538461,26.595744680851062,90.97744360902256,20.0,0.0,48.26468495533246,96.51959594958527,63.43632566411508,0.0,69.67213114754098,34.161490683229815,94.20289855072464,35.04273504273504,58.97435897435898,46.902654867256636,6.25,30.0,16.666666666666664,0.0,27.68771279367041
4,10,1,0,1,5,0,0,63.86386386386387,28.128128128128125,66.26626626626627,34.73473473473474,6850,15,178.125191520683,88.58667120771206,35.61573059348124,52.60896014442985,44.68864468864465,95.59748427672955,60.504201680672296,44.71544715447154,71.2643678160919,18.518518518518523,62.061403508771896,54.08793193431668,42.86217202820167,24.622051718495676,1.5625000000000258,53.33333333333332,48.32535885167466,55.81395348837211,25.26881720430108,46.34146341463415,64.0449438202247,58.82352941176472,72.72727272727273,45.454545454545446,69.23076923076923,13.076307814231308
5,10,1,0,1,5,0,0,66.76676676676678,27.52752752752753,67.66766766766766,28.628628628628626,6850,15,150.14436727216903,23.738710393550765,9.799882126018106,35.71847683343463,61.744966442953,50.000000000000014,54.40414507772018,45.714285714285715,100.0,82.6923076923077,18.114143920595556,34.404751887191104,31.293832706063878,0.0,48.905109489051036,43.697478991596654,62.589928057553976,100.0,44.17177914110432,43.13725490196078,10.185185185185084,56.25,55.55555555555555,57.14285714285713,59.99999999999998,11.032450139897044
6,10,1,0,0,0,0,0,68.96896896896897,28.428428428428425,65.56556556556556,28.82882882882883,6850,15,24.707022434221965,21.574147110078528,43.10858209604203,84.36363636363636,34.482758620689665,70.00000000000001,23.888888888888843,44.68085106382978,76.02739726027401,49.51456310679612,28.784119106699773,55.202590864895726,46.858170561103954,65.21582301310575,80.34188034188035,76.69172932330827,48.701298701298704,90.6976744186046,36.01895734597158,86.66666666666667,62.101910828025474,39.99999999999999,60.0,18.18181818181818,42.85714285714287,20.709836264076312
7,10,1,0,0,0,0,0,65.96596596596596,19.51951951951952,62.76276276276276,16.716716716716718,6825,15,-50.52005388777087,48.74593430102109,12.737286432908675,81.36398103271752,46.41509433962266,9.696969696969699,48.81889763779527,0.0,65.67164179104476,41.66666666666667,31.504702194357336,71.40383755015152,92.4725616964431,42.63864377774211,70.07575757575762,100.0,32.88590604026846,100.0,0.0,64.81481481481481,74.42273534635878,23.80952380952381,41.66666666666666,0.0,18.181818181818183,50.96053742953113
8,10,1,0,0,0,0,0,60.26026026026025,21.42142142142142,68.16816816816817,19.91991991991992,6875,15,-68.41496964043905,23.141643090237007,79.27696721366674,31.406504724740458,45.33898305084745,58.76777251184835,65.5172413793103,11.22448979591836,51.02040816326531,0.0,36.43790849673205,100.0,55.62404957762681,48.08436091174229,25.27472527472528,58.82352941176472,24.69135802469134,46.835443037974656,22.077922077922068,82.66666666666664,71.53558052434458,0.0,28.57142857142855,0.0,18.181818181818194,54.911727044494405
9,10,1,0,0,0,0,0,64.66466466466466,20.72072072072072,64.96496496496496,13.713713713713712,6900,15,135.01435304855949,92.21623744667599,55.46757856874416,14.806811477963405,33.17073170731714,59.999999999999986,76.80412371134024,86.72566371681415,0.0,38.84892086330936,62.14953271028034,82.59264720683278,51.22991128431871,49.37821288365718,61.43497757847533,53.140096618357504,89.78102189781025,22.352941176470587,64.00000000000007,35.29411764705881,52.23880597014926,59.999999999999986,53.333333333333336,66.66666666666666,42.857142857142854,56.0239945087194
10,10,1,0,0,0,0,0,67.46746746746747,23.723723723723726,68.26826826826827,15.115115115115115,6875,15,-63.656156342165076,31.617204976580133,45.67327165891808,52.35817843187374,18.09523809523808,32.558139534883715,60.10928961748632,53.846153846153854,38.96103896103896,36.904761904761905,34.00621118012426,100.0,35.23215707868875,100.0,53.30739299610895,73.79310344827587,55.319148936170194,2.0202020202020132,46.62921348314607,65.2173913043478,63.24324324324322,18.18181818181816,28.57142857142859,14.285714285714295,10.576923076923078,48.67151197426427
1,11,0,0,1,10,10,5,71.17117117117117,34.73473473473474,67.96796796796797,35.23523523523524,6425,9,271.76776531749084,67.77414817514361,55.43194782160066,69.31635427936484,49.328859060402685,44.38775510204081,30.434782608695656,27.11864406779661,27.439024390243905,41.48936170212766,49.92343032159265,17.571714101952665,56.84786914951856,0.0,65.27777777777779,25.555555555555554,37.3134328358209,0.0,42.06349206349206,26.027397260273972,7.943925233644859,63.63636363636363,72.72727272727273,54.54545454545454,76.92307692307692,92.05332602124423
2,11,0,0,1,10,5,0,74.47447447447448,33.933933933933936,69.56956956956957,32.032032032032035,6400,9,226.00388888718444,100.0,8.182081051478672,94.9778453841354,11.214953271028037,76.63043478260869,57.52688172043011,53.38983050847458,5.9405940594059405,0.0,46.34615384615385,52.34088717576496,18.123991935483797,48.630960669392536,42.7906976744186,23.728813559322035,34.25414364640884,0.0,67.94871794871796,0.0,61.12266112266113,61.111111111111114,72.72727272727273,60.0,60.00000000000001,100.0
3,11,0,0,1,10,10,5,73.97397397397397,38.93893893893894,68.76876876876878,35.03503503503504,6450,9,187.87272247075708,96.99973249165018,35.15515748889872,67.57868714279839,0.36496350364963503,44.230769230769226,82.21153846153845,63.829787234042556,37.59398496240601,17.894736842105264,19.15367483296214,29.832660126947435,68.89671883921477,44.520780549249515,29.19254658385093,0.0,21.11801242236025,28.985507246376812,46.15384615384615,21.794871794871796,27.212389380530972,56.25,60.0,58.333333333333336,45.45454545454547,85.14533580507191
4,11,0,0,0,0,0,0,72.87287287287288,31.33133133133133,67.36736736736736,26.326326326326328,6850,9,144.20456918729445,68.88671747737445,74.46197134882843,72.75803341902306,0.0,62.26415094339621,40.75630252100842,60.97560975609757,20.68965517241379,51.85185185185185,32.01754385964908,42.423502142810726,100.0,45.547870829366275,39.58333333333331,37.03703703703704,23.444976076555022,53.48837209302329,30.10752688172042,9.756097560975613,32.02247191011242,47.05882352941176,72.72727272727273,27.272727272727277,46.153846153846146,80.65410891052782
5,11,0,0,1,10,5,0,73.67367367367368,25.825825825825827,62.86286286286287,26.926926926926924,6900,9,147.2357463174137,70.14639586996678,63.303232180868626,63.7903090594088,44.29530201342282,56.50000000000003,16.58031088082902,0.0,43.38624338624338,53.84615384615385,39.70223325062035,45.335966912467164,52.175209038089754,37.25463520814705,96.35036496350362,51.26050420168067,0.0,57.94392523364485,0.0,23.529411764705888,59.72222222222221,56.25,55.55555555555555,57.14285714285713,49.99999999999999,53.8130656868895
6,11,0,0,1,5,0,0,75.77577577577578,26.726726726726728,65.46546546546547,31.431431431431434,6925,9,183.4986605173337,86.1671351465153,100.0,74.00150262960177,16.896551724137936,46.428571428571445,17.777777777777786,13.475177304964534,25.34246575342466,34.95145631067961,54.838709677419416,55.19193263172837,29.32781183109553,20.748627108126968,58.97435897435892,28.57142857142856,0.0,90.6976744186046,0.0,9.333333333333321,61.14649681528657,60.00000000000001,50.000000000000014,63.63636363636361,49.28571428571429,100.0
7,11,0,0,0,0,0,0,71.47147147147147,26.326326326326328,65.86586586586587,16.716716716716718,6875,9,-66.6196959997471,4.161080287426415,81.93233497920997,56.62455877512574,0.0,0.0,56.692913385826785,36.64596273291926,100.0,40.27777777777777,7.836990595611276,94.42539217328776,100.0,97.05464211736022,58.33333333333335,22.516556291390728,56.37583892617454,50.649350649350666,24.102564102564113,83.33333333333334,60.39076376554178,28.57142857142857,33.33333333333333,20.0,27.27272727272727,95.67365298866605
8,11,0,0,1,5,0,0,71.27127127127127,21.12112112112112,62.16216216216216,16.216216216216218,6850,9,135.22788459859692,36.04062046024817,46.24324958910543,100.0,0.0,13.270142180094766,0.0,63.26530612244898,85.71428571428572,21.87500000000001,0.0,33.404629944563816,27.48926014205237,0.0,51.92307692307692,22.222222222222232,1.8518518518518823,100.0,43.506493506493534,40.0,24.53183520599255,42.85714285714284,71.42857142857143,33.33333333333333,45.45454545454546,81.9804196368256
9,11,0,0,1,10,5,0,67.26726726726727,22.12212212212212,64.76476476476476,17.61761761761762,6900,9,206.8520763468418,66.01276162132793,52.975911510593086,76.86819828034135,13.65853658536587,55.714285714285715,27.31958762886599,69.91150442477876,45.45454545454549,28.776978417266196,31.931464174454828,65.025589801411,78.8836585947034,80.58618404614735,44.843049327354294,9.178743961352653,0.0,65.88235294117652,48.00000000000003,4.901960784313738,21.890547263681555,74.99999999999999,66.66666666666666,83.33333333333331,64.28571428571429,91.14928921739303
10,11,0,0,0,0,0,0,71.97197197197197,19.71971971971972,66.66666666666666,13.013013013013014,6900,9,26.39376244834104,22.298083182197363,55.6920082828506,62.095088296275094,15.714285714285737,42.44186046511627,29.508196721311435,37.8205128205128,58.44155844155845,28.571428571428566,0.0,33.9062054753417,58.0476791824782,43.660504446005824,67.70428015564198,0.0,0.0,21.212121212121232,49.438202247191,30.43478260869565,10.630630630630632,9.09090909090908,14.285714285714288,14.285714285714295,23.07692307692309,79.23428253703483
1,12,0,0,1,5,0,0,68.06806806806807,39.33933933933934,65.16516516516516,33.033033033033036,6500,3,101.85573604554138,67.33317337287882,35.247197268545435,70.4301874654837,44.29530201342282,42.3469387755102,14.009661835748794,34.74576271186441,34.756097560975604,71.27659574468085,59.11179173047473,58.64022904804166,81.75995170864226,64.37318489835432,100.0,66.66666666666666,31.343283582089555,50.0,58.730158730158735,45.20547945205479,54.20560747663551,45.45454545454545,63.63636363636363,27.27272727272727,69.23076923076924,17.527469299018744
2,12,0,0,0,0,0,0,64.36436436436436,38.53853853853854,68.36836836836837,34.034034034034036,6450,3,-28.015916917252767,35.93657832946401,52.07203912443954,44.73069171883742,36.915887850467286,21.73913043478261,72.04301075268818,100.0,100.0,56.57894736842105,42.11538461538461,73.58336354474055,18.483671021060953,69.98371650781722,39.06976744186046,82.48587570621469,34.25414364640884,100.0,100.0,52.77777777777778,86.6943866943867,16.666666666666664,45.45454545454545,10.0,33.33333333333333,15.20655729260566
3,12,0,0,0,0,0,0,67.96796796796797,40.44044044044044,63.76376376376376,31.53153153153153,6525,3,34.283740442223305,50.09146334108748,82.49951684597055,26.52395682796823,16.78832116788321,12.179487179487179,97.11538461538461,100.0,36.09022556390977,31.57894736842105,55.90200445434298,71.39788246125521,40.0422067515277,70.54859037019314,81.98757763975155,89.34426229508196,45.962732919254655,62.31884057971014,100.0,47.43589743589743,80.30973451327434,43.75,60.0,41.66666666666667,63.63636363636365,11.914022269879927
1,13,1,0,1,5,0,0,72.47247247247248,38.03803803803804,66.56656656656656,36.43643643643644,6425,20,193.86015657595496,76.99419633249758,68.75942190996783,42.10716227490846,33.89261744966443,38.265306122448976,36.71497584541063,60.16949152542372,0.0,29.78723404255319,64.47166921898928,42.53470902819092,49.00425949687394,48.75566637500934,66.66666666666666,38.88888888888889,77.61194029850746,1.2195121951219512,83.33333333333334,21.91780821917808,23.598130841121495,63.63636363636363,63.63636363636363,63.63636363636363,53.84615384615387,45.7736777849593
2,13,1,0,0,0,0,0,69.96996996996997,35.73573573573574,66.66666666666666,30.130130130130127,6450,20,-22.608997265353793,40.30173901456092,50.836954757235496,40.572852036216325,23.83177570093458,55.434782608695656,62.365591397849464,76.27118644067797,87.12871287128714,73.68421052631578,27.500000000000004,42.39996069646509,91.1450508174989,61.73887531809863,65.11627906976744,76.8361581920904,35.91160220994475,80.0,81.41025641025641,70.83333333333334,79.20997920997921,16.666666666666664,45.45454545454545,10.0,26.666666666666668,26.864037911762434
3,13,1,0,0,0,0,0,70.77077077077078,37.33733733733734,69.06906906906907,30.73073073073073,6400,20,-109.37999706561044,44.96226144056876,73.9894345529251,18.25968925780289,17.88321167883212,0.0,75.0,70.2127659574468,69.92481203007519,11.578947368421053,19.599109131403118,100.0,6.364685793015501,100.0,54.037267080745345,100.0,22.981366459627328,86.95652173913044,57.26495726495726,71.7948717948718,88.27433628318585,12.5,60.0,0.0,9.090909090909086,27.64167060448548
4,13,1,0,0,0,0,0,64.26426426426426,35.63563563563564,69.66966966966966,18.81881881881882,6925,20,-116.32226325842574,0.0,2.31108589049243,40.47581779745287,15.750915750915714,20.754716981132074,73.10924369747903,100.0,25.86206896551722,30.864197530864196,0.0,99.14443071399377,39.08728113870855,91.57672513965707,66.66666666666666,39.25925925925925,48.80382775119616,60.46511627906976,100.0,70.73170731707317,35.9550561797753,0.0,27.27272727272728,0.0,0.0,30.876817071112512
5,13,1,0,0,0,0,0,73.57357357357357,34.73473473473474,69.06906906906907,28.82882882882883,6825,20,117.68786569222162,83.56163471062446,80.64185949163323,87.50249152880205,14.765100671140926,37.49999999999999,100.0,69.52380952380956,21.164021164021147,78.84615384615385,51.61290322580643,66.11755428481612,40.26219329492295,100.0,37.22627737226276,0.0,51.07913669064745,0.0,65.03067484662579,50.98039215686274,31.018518518518462,49.99999999999999,44.44444444444445,57.14285714285713,49.99999999999999,22.182393882367
6,13,1,0,0,0,0,0,65.76576576576578,27.927927927927925,68.06806806806807,29.429429429429426,6800,20,93.79194640437026,26.6363511107503,67.36911172451249,49.740597065272404,47.24137931034482,82.85714285714292,64.44444444444443,34.04255319148937,63.013698630136986,100.0,66.0049627791563,59.07566617050109,28.01746178461001,97.97105942104352,53.84615384615381,26.315789473684205,53.24675324675327,79.06976744186044,34.12322274881517,43.999999999999986,83.12101910828021,49.99999999999999,60.0,36.36363636363636,64.28571428571428,35.10433624389522
7,13,1,0,0,0,0,0,66.56656656656656,18.81881881881882,59.15915915915916,12.412412412412413,6900,20,136.0688701365186,72.27793447246898,79.54539140291604,100.0,46.79245283018872,100.0,83.07086614173227,50.93167701863352,0.0,61.111111111111114,100.0,70.7718769228325,46.94085507273572,40.25817008791534,100.0,68.87417218543047,57.04697986577181,0.0,50.76923076923078,68.51851851851852,100.0,61.904761904761905,58.333333333333336,59.999999999999986,36.36363636363637,67.93101416252529
8,13,1,0,1,10,10,10,72.07207207207207,12.612612612612612,55.45545545545546,5.405405405405405,6850,20,293.7801337223426,100.0,100.0,69.62809076097767,32.62711864406779,100.0,27.5862068965517,59.18367346938776,0.0,100.0,100.0,16.39171547511952,74.04952819813928,96.73266512826831,100.0,100.0,48.76543209876544,2.5316455696202818,64.93506493506491,32.00000000000001,100.0,92.85714285714286,100.0,88.88888888888887,100.0,65.50347344753531
9,13,1,0,0,0,0,0,62.46246246246246,14.814814814814813,55.95595595595596,14.114114114114114,6825,20,127.68969240086966,91.87060951135311,100.0,23.209873374926108,72.68292682926838,62.142857142857075,98.96907216494846,18.584070796460168,10.303030303030306,56.83453237410072,100.0,55.83289503978446,15.163159838940956,70.22870315241686,100.0,83.57487922705313,67.15328467153292,5.882352941176487,0.7999999999999973,24.50980392156863,100.0,59.999999999999986,60.00000000000001,50.0,42.857142857142854,82.29062005710136
10,13,1,0,1,10,10,10,71.57157157157157,9.30930930930931,57.85785785785785,13.513513513513514,6900,20,274.84163714256147,100.0,100.0,91.39208427159264,67.14285714285712,100.0,85.79234972677594,5.128205128205111,30.519480519480503,100.0,100.0,39.88963995213495,0.0,28.861268103143743,100.0,86.20689655172411,43.085106382978715,12.12121212121214,0.0,71.73913043478264,100.0,100.0,71.42857142857146,100.0,74.03846153846155,61.98181023869097
1,14,1,0,0,0,0,0,69.06906906906907,37.23723723723724,69.26926926926927,35.33533533533533,6525,13,-38.936257994951106,48.79799890240912,16.803210440028295,63.04493324528282,47.98657718120805,45.91836734693878,100.0,43.22033898305085,100.0,31.914893617021278,50.995405819295556,48.35652780867544,70.5046163200308,59.90452646556263,55.55555555555556,39.44444444444444,100.0,65.85365853658537,83.33333333333334,75.34246575342466,70.56074766355141,18.181818181818183,18.181818181818183,18.181818181818183,0.0,27.494107892486173
2,14,1,0,0,0,0,0,69.96996996996997,30.33033033033033,65.66566566566566,23.623623623623622,6525,13,-88.93068052498715,19.89779307641465,54.069969718445975,48.84577546036121,49.06542056074766,21.195652173913043,66.66666666666666,35.59322033898305,68.31683168316832,31.57894736842105,32.11538461538462,32.52175941437639,0.0,100.0,100.0,63.84180790960452,58.011049723756905,93.33333333333333,53.84615384615385,94.44444444444444,86.07068607068608,5.555555555555555,9.090909090909092,30.0,6.6666666666666625,27.299945913925878
3,14,1,0,0,0,0,0,69.26926926926927,35.83583583583583,66.56656656656656,32.13213213213213,6475,13,12.895975844202205,56.101094395519155,52.785402397631884,35.31802003278611,28.832116788321166,41.66666666666667,75.0,40.42553191489361,63.90977443609023,38.94736842105263,42.761692650334076,74.77832512315267,3.5562904535436908,63.04230644838362,60.86956521739131,62.295081967213115,32.91925465838509,92.7536231884058,71.7948717948718,87.17948717948718,74.11504424778761,43.75,50.0,50.0,18.181818181818183,20.891643342662935
1,15,1,0,1,5,0,0,61.16116116116116,34.93493493493494,67.96796796796797,36.83683683683684,6400,0,223.8845027403615,70.77711356216741,10.390721001279788,36.545877419621576,82.21476510067114,90.3061224489796,8.212560386473431,100.0,17.682926829268293,100.0,79.78560490045942,42.48803749139366,70.9525041278458,68.91052214713497,54.166666666666664,48.333333333333336,3.731343283582089,3.6585365853658534,77.77777777777779,56.16438356164384,40.887850467289724,68.18181818181817,81.81818181818183,54.54545454545454,69.23076923076924,23.42349400343407
2,15,1,0,1,10,5,0,62.56256256256256,27.627627627627625,65.66566566566566,33.733733733733736,6525,0,215.19283750932885,62.72010126998525,57.10630695775157,100.0,96.26168224299066,79.34782608695652,42.473118279569896,62.71186440677966,62.37623762376238,100.0,71.73076923076923,25.746588124213883,15.731247907132465,0.0,53.02325581395348,61.016949152542374,43.0939226519337,50.66666666666667,58.333333333333336,93.05555555555556,72.97297297297297,55.55555555555556,63.63636363636363,60.0,60.00000000000001,24.69029283745847
3,15,1,0,0,0,0,0,69.86986986986987,35.13513513513514,64.76476476476476,27.627627627627625,6575,0,-27.95099188549117,4.057741250585674,77.0425547468514,0.0,29.1970802919708,46.794871794871796,100.0,48.93617021276596,36.09022556390977,27.368421052631582,36.30289532293987,55.61434450323338,79.89396705776713,30.297347739796308,100.0,68.0327868852459,43.47826086956522,36.231884057971016,61.53846153846154,73.07692307692307,88.93805309734513,31.25,60.0,25.0,18.181818181818183,30.295760483685314
4,15,1,0,1,10,5,0,65.06506506506507,28.128128128128125,65.46546546546547,24.824824824824827,6825,0,199.08853037965727,39.51184347489926,0.0,23.85235900585332,40.29304029304027,88.0503144654088,63.4453781512605,89.43089430894308,15.517241379310326,44.44444444444445,44.29824561403511,23.42981256050048,18.03115383922642,28.49106548648178,57.29166666666664,44.44444444444442,35.88516746411484,1.1627906976744147,81.72043010752688,64.63414634146343,20.78651685393255,64.70588235294119,81.81818181818184,45.454545454545446,61.53846153846153,38.99777658739186
5,15,1,0,1,10,5,0,61.06106106106106,36.43643643643644,68.96896896896897,32.33233233233233,6900,0,171.4978846596036,65.33244677029319,24.221861401203093,67.7822479300541,51.00671140939595,46.50000000000002,44.559585492227946,100.0,32.27513227513228,42.30769230769232,54.59057071960301,73.52039301463971,64.0600969797203,70.35135296155484,12.408759124087586,47.899159663865554,41.00719424460432,14.018691588785023,100.0,11.76470588235296,33.79629629629618,56.25,44.44444444444445,71.4285714285714,59.99999999999998,33.383118758152364
6,15,1,0,1,10,10,10,63.06306306306306,32.532532532532535,72.67267267267268,30.53053053053053,6800,0,342.6443161334621,56.025396668720916,17.08046799112738,100.0,40.68965517241378,67.14285714285717,57.2222222222222,77.30496453900709,51.36986301369863,31.067961165048537,58.06451612903227,26.9928351439287,40.603996046209524,0.0,5.12820512820511,21.052631578947338,86.36363636363637,44.186046511627914,100.0,70.66666666666667,0.0,95.0,100.0,81.81818181818181,100.0,63.4480067808468
7,15,1,0,1,10,10,5,58.15815815815816,27.927927927927925,70.57057057057057,27.427427427427425,6875,0,187.26515595071245,37.23707486428702,30.384247797899118,64.28759719079635,44.1509433962264,20.606060606060602,55.11811023622049,85.09316770186334,74.6268656716418,6.944444444444442,33.69905956112855,67.65212776185294,93.09627841983097,12.448903753251574,0.0,21.85430463576159,69.12751677852353,16.8831168831169,100.0,100.0,15.630550621669581,76.1904761904762,91.66666666666664,49.999999999999986,54.54545454545454,88.49515802706792
8,15,1,0,1,5,0,0,54.75475475475476,27.627627627627625,69.16916916916917,28.128128128128125,6950,0,169.45318169876964,7.957623745193754,65.02045149290377,75.5816285246882,42.372881355932236,30.80568720379147,16.551724137931057,100.0,85.03401360544215,9.37500000000001,18.62745098039219,59.67707881123212,40.96009651441899,29.11467471545006,0.0,43.790849673202636,51.85185185185188,40.50632911392405,100.0,74.66666666666669,20.599250936329586,64.28571428571428,100.0,44.44444444444443,54.54545454545454,76.64572851655055
9,15,1,0,1,5,0,0,61.16116116116116,27.82782782782783,69.16916916916917,23.223223223223226,6800,0,95.90221975274464,34.28150464417212,52.03226877173821,100.0,15.609756097560984,0.0,45.36082474226802,95.57522123893807,69.09090909090908,0.0,27.57009345794398,100.0,43.71431690614158,62.88646010396235,0.0,50.24154589371983,97.81021897810224,44.705882352941174,100.0,100.0,27.363184079602025,70.0,80.0,33.33333333333333,50.0,76.51980143847676
10,15,1,0,0,0,0,0,60.86086086086087,23.623623623623622,67.36736736736736,29.72972972972973,6850,0,-76.05707149922114,50.29957417892567,56.142706924939944,43.31006224472483,49.99999999999994,50.58139534883721,33.87978142076497,46.153846153846146,85.06493506493507,1.1904761904761865,15.217391304347858,78.7132284462648,100.0,79.29907995910935,0.0,100.0,60.63829787234045,14.141414141414154,65.16853932584269,80.43478260869566,38.558558558558595,0.0,0.0,14.285714285714295,0.0,51.47305294094286
4,16,1,0,0,0,0,0,64.96496496496496,20.42042042042042,61.06106106106106,21.62162162162162,6825,1,20.621435113815473,0.9442337288856382,43.89941458969784,0.0,68.86446886446888,0.0,100.0,0.0,45.402298850574695,100.0,25.87719298245607,0.0,20.11212975761569,15.309198286845927,96.87499999999994,54.814814814814795,49.76076555023922,60.46511627906976,0.0,63.41463414634144,80.05617977528084,23.52941176470589,54.54545454545456,9.090909090909095,38.46153846153847,54.369409364749735
5,16,1,0,0,0,0,0,69.76976976976978,29.82982982982983,67.56756756756756,28.928928928928926,6875,1,-107.47663984026846,57.8582200671256,100.0,27.68329913417751,43.959731543624144,33.50000000000001,37.823834196891156,60.00000000000001,47.089947089947074,19.230769230769226,24.565756823821314,100.0,40.29642660847986,85.06115922947886,47.445255474452495,100.0,25.179856115107878,50.46728971962613,38.03680981595093,35.29411764705881,90.74074074074066,0.0,0.0,0.0,0.0,28.576833846123208
6,16,1,0,0,0,0,0,74.37437437437437,30.930930930930934,64.86486486486487,29.52952952952953,6800,1,-164.59650667413453,31.566019833350566,70.61852033945411,39.44006436041834,7.241379310344824,0.0,38.3333333333333,0.0,75.34246575342466,13.592233009708735,11.414392059553341,72.50226199122845,98.3423510531608,72.8083514276217,80.34188034188035,96.24060150375936,61.68831168831173,100.0,8.530805687203792,91.99999999999999,98.08917197452234,4.999999999999995,0.0,9.090909090909088,0.0,49.78002610087855
7,16,1,0,0,0,0,0,64.56456456456456,18.51851851851852,62.76276276276276,13.413413413413414,6800,1,24.525295950709523,16.703139080597833,47.38967483108105,63.429682942623145,55.471698113207545,39.3939393939394,31.49606299212599,32.919254658385086,34.32835820895524,0.0,31.504702194357336,66.28726402283061,99.39317021748776,81.7288160567501,82.57575757575759,56.95364238410592,38.255033557046964,29.87012987012988,21.538461538461526,74.07407407407406,50.976909413854365,38.095238095238095,25.0,49.999999999999986,54.54545454545454,66.8977980317822
8,16,1,0,1,10,5,0,67.66766766766766,23.523523523523522,63.86386386386387,22.32232232232232,6875,1,222.6914238234324,56.74453894863427,90.88608226789663,89.90128147425689,5.084745762711844,45.02369668246443,24.137931034482794,57.14285714285716,48.979591836734656,54.687500000000014,16.9934640522876,49.516354951339856,38.06338599952308,2.0146547221319713,30.494505494505464,26.797385620915026,8.641975308642017,18.987341772151904,57.14285714285715,69.33333333333333,21.348314606741614,71.42857142857143,57.14285714285714,88.88888888888887,63.63636363636365,62.63598874784485
9,16,1,0,1,10,10,5,75.37537537537537,15.215215215215217,61.06106106106106,18.21821821821822,6850,1,351.7316232384946,100.0,86.99064986332624,39.01531174563187,7.804878048780521,91.42857142857137,0.0,53.98230088495575,32.121212121212125,52.51798561151081,27.7258566978193,20.74874280394912,9.890546828498076,0.0,58.74439461883403,11.1111111111111,29.927007299270116,57.647058823529406,23.200000000000017,4.901960784313738,1.990049751243814,100.0,93.33333333333334,100.0,57.14285714285714,73.19319956626842
10,16,1,0,1,5,0,0,71.87187187187187,23.123123123123122,63.56356356356356,17.51751751751752,6950,1,67.77359305010468,43.70582214239326,49.846230905186836,50.53488388067285,0.0,84.30232558139537,7.10382513661203,25.641025641025628,36.36363636363637,22.619047619047613,15.993788819875776,64.45421064601236,55.229827124445144,43.854151255531235,62.256809338521336,32.41379310344828,28.191489361702114,20.202020202020226,23.59550561797754,21.739130434782602,33.33333333333333,27.27272727272726,42.85714285714288,14.285714285714295,42.307692307692314,48.536478811708164
1,17,1,0,0,0,0,0,74.37437437437437,46.246246246246244,71.17117117117117,27.82782782782783,6475,8,-152.0010448664982,17.613264417518764,0.0,26.241609789374355,0.0,0.0,45.410628019323674,34.74576271186441,58.536585365853654,31.914893617021278,0.0,87.60577791078329,79.40694791295861,74.76356580160103,94.44444444444444,50.0,17.16417910447761,74.39024390243902,81.74603174603175,65.75342465753424,39.719626168224295,0.0,0.0,0.0,0.0,33.708077899863554
2,17,1,0,0,0,0,0,69.36936936936937,41.44144144144144,70.37037037037037,24.324324324324326,6550,8,-105.64331083341956,8.997540747269378,17.475410191621627,29.187924981864082,0.0,0.0,51.61290322580645,60.16949152542372,0.0,59.210526315789465,0.0,61.36374415916088,44.597711927981905,96.73892192595439,74.88372093023256,58.75706214689266,27.624309392265197,6.666666666666667,82.6923076923077,70.83333333333334,54.054054054054056,0.0,0.0,30.0,13.33333333333333,0.0
3,17,1,0,1,5,0,0,63.76376376376376,36.63663663663664,69.26926926926927,33.733733733733736,6450,8,99.83707241222905,18.373371219434823,87.94831740793589,65.16827875127998,45.98540145985402,55.769230769230774,75.0,86.17021276595744,51.8796992481203,71.57894736842105,41.202672605790646,70.01414427156999,51.36459219791591,0.0,34.161490683229815,63.934426229508205,0.0,66.66666666666666,91.45299145299145,69.23076923076923,46.68141592920354,50.0,60.0,50.0,36.36363636363636,10.66421916082052
4,17,1,0,0,0,0,0,65.76576576576578,26.726726726726728,64.76476476476476,31.03103103103103,6850,8,188.793109276192,78.02275822391275,84.84659493934022,40.063624678663246,42.85714285714285,75.47169811320754,64.70588235294119,36.58536585365854,17.816091954022962,64.19753086419752,63.81578947368417,31.81863597491969,41.469855945048444,45.417765525454115,28.64583333333332,0.0,2.392344497607675,25.581395348837226,18.817204301075265,19.512195121951205,37.0786516853932,58.82352941176472,90.90909090909093,27.272727272727277,46.153846153846146,13.519522736778766
5,17,1,0,1,10,10,10,64.96496496496496,29.02902902902903,69.66966966966966,32.032032032032035,6825,8,234.66613681016858,86.65973895490076,97.43885643849369,100.0,62.75167785234898,63.0,56.99481865284973,88.57142857142861,39.682539682539655,67.30769230769232,85.60794044665013,71.4954847806233,0.0,74.19128470422818,9.489051094890517,42.857142857142875,64.02877697841728,24.29906542056074,59.50920245398773,50.98039215686274,44.44444444444447,68.75000000000001,77.77777777777779,57.14285714285713,70.0,20.18699405562028
6,17,1,0,1,5,0,0,67.66766766766766,22.32232232232232,66.56656656656656,31.33133133133133,6825,8,171.3558553488777,73.39643198256151,82.54355400696868,51.102352193261225,59.999999999999964,62.14285714285719,42.222222222222214,4.255319148936176,62.328767123287676,79.6116504854369,100.0,27.805839993435992,100.0,25.885934522355946,50.427350427350405,100.0,65.5844155844156,81.39534883720927,12.7962085308057,100.0,100.0,70.0,89.99999999999999,45.454545454545446,71.42857142857144,71.43568286087155
7,17,1,0,1,5,0,0,67.26726726726727,17.81781781781782,67.76776776776778,29.02902902902903,6800,8,159.6638827120568,85.81697850131545,83.42936840457028,59.26654116990865,47.92452830188681,23.636363636363622,59.84251968503938,24.223602484472035,95.52238805970151,61.111111111111114,50.47021943573667,55.72657341130185,70.22279268063768,54.123581001051335,4.545454545454575,30.46357615894041,66.44295302013427,85.7142857142857,24.102564102564113,48.14814814814814,46.003552397868546,61.904761904761905,50.0,70.0,54.54545454545454,86.45720795929994
8,17,1,0,1,5,0,0,65.56556556556556,17.917917917917915,66.66666666666666,23.823823823823822,6825,8,144.1127917118221,90.82272617943111,97.87373618789444,65.96958072852081,37.71186440677963,28.90995260663505,1.379310344827581,15.30612244897957,31.972789115646233,87.5,52.45098039215684,54.329060183485666,100.0,77.95340146430743,18.68131868131871,75.81699346405233,22.83950617283953,37.97468354430381,0.0,35.999999999999986,51.87265917603002,49.999999999999986,100.0,22.22222222222222,45.45454545454546,69.56574343876348
9,17,1,0,1,5,0,0,65.96596596596596,17.71771771771772,66.76676676676678,23.923923923923923,6800,8,278.9837831045775,79.59440872294185,57.5868829004519,5.999718558154448,41.46341463414641,40.71428571428569,42.268041237113394,51.327433628318595,32.72727272727273,45.32374100719424,19.470404984423723,20.462573037911216,40.434144613672046,35.56506717729056,7.62331838565022,10.144927536231878,35.76642335766426,40.000000000000014,12.800000000000006,10.784313725490202,0.0,89.99999999999999,100.0,50.0,78.57142857142857,77.94932503009262
10,17,1,0,1,5,0,0,68.36836836836837,21.12112112112112,66.76676676676678,25.325325325325327,7025,8,207.32945898329356,47.52187425505528,54.433570976802834,56.081970295168226,26.19047619047617,48.25581395348838,69.39890710382511,37.8205128205128,66.23376623376626,63.095238095238116,4.968944099378937,17.956970944343272,15.293053903809046,41.65892273274825,19.455252918287954,24.13793103448275,43.61702127659577,27.27272727272727,53.37078651685394,45.65217391304349,0.0,72.72727272727272,85.71428571428574,42.857142857142854,74.03846153846155,53.223718177846614
1,18,1,0,0,0,0,0,65.16516516516516,26.726726726726728,68.66866866866866,40.14014014014014,6400,7,135.20450343797398,83.06732177647378,65.19498832044461,64.08899059367167,96.30872483221476,67.3469387755102,69.56521739130434,0.0,70.1219512195122,100.0,90.50535987748852,65.71434308495381,52.28953939810417,72.66003146176185,26.38888888888889,48.333333333333336,79.8507462686567,95.1219512195122,8.73015873015873,50.68493150684932,94.85981308411215,54.54545454545454,72.72727272727273,36.36363636363637,69.23076923076924,8.147103563990573
2,18,1,0,1,5,0,0,70.47047047047047,22.42242242242242,65.56556556556556,36.93693693693694,6475,7,147.56402617785687,79.90631996220591,65.53720335889001,37.71661318844238,83.64485981308411,60.86956521739131,60.752688172043015,0.0,61.386138613861384,97.36842105263158,55.00000000000001,23.149501026378555,39.371700879765335,1.406158264013676,38.604651162790695,50.847457627118644,59.11602209944752,69.33333333333334,0.0,100.0,83.991683991684,50.0,36.36363636363637,80.0,46.66666666666668,9.819197980786566
3,18,1,0,1,10,0,0,65.26526526526526,27.82782782782783,63.86386386386387,35.43543543543544,6450,7,146.44373638221953,91.44746811184704,81.42481741662647,65.71613775070179,72.62773722627736,32.69230769230769,95.1923076923077,28.723404255319153,85.71428571428571,100.0,92.42761692650335,46.14693482618015,68.1684879916034,35.53168274487825,57.14285714285714,64.75409836065575,100.0,75.36231884057972,17.094017094017094,100.0,100.0,68.75,80.0,58.333333333333336,54.54545454545454,14.872232925011813
1,19,0,0,1,5,0,0,69.96996996996997,35.33533533533533,70.07007007007007,38.73873873873874,6400,21,122.72354497124887,89.09855129933696,14.811492055231604,53.17475024363543,51.34228187919463,66.83673469387756,20.77294685990338,26.27118644067797,46.95121951219512,67.02127659574468,54.211332312404295,85.45059723949147,0.0,100.0,26.38888888888889,53.888888888888886,0.0,46.34146341463415,23.809523809523807,36.986301369863014,51.4018691588785,36.36363636363637,27.27272727272727,45.45454545454545,69.23076923076924,100.0
2,19,0,0,0,0,0,0,64.36436436436436,30.03003003003003,66.86686686686687,26.226226226226224,6500,21,-41.18988100566209,17.867911466572924,0.0,0.0,76.63551401869158,6.521739130434782,15.053763440860216,46.61016949152542,63.366336633663366,59.210526315789465,1.3461538461538463,32.26382741774691,41.57068108033414,69.3658011833162,82.32558139534883,55.932203389830505,2.7624309392265194,50.66666666666667,41.02564102564102,37.5,59.66735966735966,0.0,27.27272727272727,0.0,0.0,97.49014860792748
3,19,0,0,1,10,0,0,66.96696696696696,29.129129129129126,69.06906906906907,31.931931931931935,6450,21,161.13505310935736,49.73618798382455,72.55977835022507,74.17187146000497,61.67883211678832,57.05128205128205,55.769230769230774,21.27659574468085,35.338345864661655,11.578947368421053,29.398663697104677,47.81172584640797,45.468801533534844,30.967139798556794,46.58385093167702,26.229508196721312,4.3478260869565215,42.028985507246375,14.529914529914532,38.46153846153847,49.557522123893804,50.0,50.0,58.333333333333336,54.54545454545454,100.0
4,19,0,0,0,0,0,0,61.76176176176176,29.629629629629626,66.56656656656656,21.82182182182182,6875,21,-51.42588209708398,39.26569074444647,61.18533454906968,17.058845987426476,46.88644688644684,88.0503144654088,78.1512605042017,21.138211382113823,16.09195402298848,16.04938271604938,51.096491228070164,100.0,28.676109433310376,75.90450191506012,67.18750000000003,100.0,0.0,32.55813953488374,23.655913978494635,37.80487804878048,100.0,5.882352941176478,0.0,36.36363636363637,15.384615384615383,100.0
5,19,0,0,1,5,0,0,66.26626626626627,27.32732732732733,66.36636636636636,22.922922922922922,6850,21,101.97152491468775,56.8183967936634,20.08679000825496,88.79493115633,64.09395973154362,20.499999999999993,50.25906735751293,43.80952380952382,0.0,61.53846153846154,57.81637717121585,73.99383440757077,50.52110894277758,62.61510566834107,100.0,65.54621848739495,27.33812949640288,10.280373831775691,38.03680981595093,0.0,100.0,49.99999999999999,55.55555555555555,42.857142857142854,38.99999999999999,100.0
6,19,0,0,0,0,0,0,73.37337337337337,32.232232232232235,73.27327327327328,24.224224224224226,6900,21,68.84893216899142,57.71904737483426,32.87475590611484,93.86096256684492,6.2068965517241175,60.00000000000001,64.44444444444443,46.09929078014185,6.84931506849317,0.0,41.687344913151406,89.15168647387807,91.29644944613811,70.32728258240655,53.84615384615381,82.70676691729325,31.1688311688312,9.30232558139535,44.07582938388628,38.66666666666666,67.51592356687898,49.99999999999999,50.000000000000014,45.454545454545446,49.28571428571429,98.81604262246559
7,19,0,0,1,5,0,0,66.96696696696696,22.922922922922922,67.86786786786787,27.927927927927925,6850,21,161.49622589327308,100.0,36.81539111226616,88.13032536463648,29.811320754716963,61.212121212121204,100.0,70.1863354037267,73.88059701492537,41.66666666666667,66.61442006269593,69.17032901993959,60.44900049705235,94.33102416041325,8.333333333333348,72.18543046357618,69.12751677852353,27.272727272727295,69.23076923076921,0.0,60.56838365896977,61.904761904761905,83.33333333333333,30.0,72.72727272727273,74.26977548174193
8,19,0,0,0,0,0,0,66.46646646646647,21.62162162162162,61.66166166166166,17.417417417417415,6900,21,58.52449709990778,0.0,85.21613488480263,0.0,18.220338983050848,0.0,100.0,56.122448979591866,57.82312925170066,59.374999999999986,28.10457516339871,39.121006982655125,38.253086182755744,23.28020134228186,50.000000000000014,48.366013071895466,96.91358024691355,17.72151898734178,54.54545454545456,23.999999999999993,50.37453183520606,42.85714285714284,42.85714285714284,55.55555555555555,25.454545454545464,67.24876740504733
9,19,0,0,0,0,0,0,63.76376376376376,22.922922922922922,69.36936936936937,21.22122122122122,6825,21,4.718420917359245,51.4324561024066,0.0,59.549659077383566,26.82926829268299,7.142857142857115,79.89690721649487,26.548672566371668,100.0,11.510791366906478,0.0,89.41382613507223,3.462544307943801,60.315606416765476,8.071748878923788,31.400966183574887,60.583941605839456,100.0,24.800000000000015,41.1764705882353,32.33830845771144,30.0,33.333333333333336,16.666666666666657,28.57142857142857,92.0097888045522
10,19,0,0,1,5,0,0,61.16116116116116,19.61961961961962,67.76776776776778,21.02102102102102,6875,21,57.17435331329589,36.25818587281381,0.0,30.00738781249253,67.61904761904763,0.0,77.59562841530054,62.17948717948716,100.0,25.000000000000007,11.335403726708112,54.527299482102976,7.770555429469129,31.602594703883696,32.29571984435801,28.96551724137933,100.0,67.67676767676772,65.16853932584269,100.0,26.306306306306336,36.36363636363634,57.14285714285715,14.285714285714295,32.69230769230769,100.0
