tmID,year,average_powerRanking,average_PER,average_postPowerRanking,average_postPER,coachesPowerRanking,playoff,confID,rank,firstRound,semis,finals,o_dreb,powerRanking2,offensiveFieldGoalPercentage,offensiveThreePointPercentage,offensiveReboundsPerGame,offensiveAssistsPerGame,offensivePersonalFoulsPerGame,offensiveBlocksPerGame,offensivePointsPerGame,defensiveFieldGoalPercentage,defensiveThreePointPercentage,defensiveReboundsPerGame,defensiveAssistsPerGame,defensiveBlocksPerGame,defensivePointsPerGame,winPercentage,homeWinPercentage,awayWinPercentage,conferenceWinPercentage,attendance
ATL,9,29.633308946286974,9.870027263660058,0.0,0.0,-118.57142857142856,Y,EA,7,0,0,0,737,-56.18412232616858,29.943080030268582,50.40108632785976,50.046697798532335,28.897161470451373,96.05650382577986,50.35639412997904,49.02161663763959,86.42922314593376,53.88662352382225,72.96932017840247,100.0,44.85399712781236,86.5635359116022,0.0,0.0,15.609756097560975,0.0,41.53927044374559
CHA,1,28.82943895813428,8.725966963921225,0.0,0.0,-47.142857142857146,Y,EA,8,0,0,0,630,14.69325896317472,58.62838175591689,51.6576415131092,32.20813875917277,63.68078175895764,83.99058269570335,19.245283018867926,31.697571970085036,92.8634981623108,40.594541703906735,26.882011082578728,81.32474701011961,42.31689803733844,60.204419889502766,17.475728155339805,26.953125,17.073170731707314,17.159763313609464,16.53158202795607
CHA,2,29.147917552413464,7.990033589190065,24.449714812085848,5.867398141647382,13.57142857142859,Y,EA,4,10,10,5,639,210.7733565833876,51.44569355869686,66.0002810765231,35.15677118078718,30.45602605863192,47.9693937610359,36.35220125786164,20.289929310521455,24.85857194043464,26.564631961270823,8.730909582375997,21.504139834406622,43.13068453805649,20.75690607734807,58.7378640776699,66.796875,50.24390243902439,76.33136094674556,23.75472465550937
CHA,3,26.4090792266685,11.487740829559982,15.644126526599376,3.313530161628945,13.57142857142859,Y,EA,2,5,0,0,653,173.1859350129838,61.91337133386965,100.0,36.74449633088725,41.926477431363416,61.97763390229547,29.937106918239,36.4870402622682,64.12658983937386,65.96944378439822,9.649952696310311,39.48942042318308,26.0411680229775,32.40331491712708,58.7378640776699,66.796875,50.24390243902439,58.57988165680472,24.322675370284024
CHA,4,32.75454323231057,10.40823807357246,17.06861542887565,10.07176367584918,46.428571428571445,N,EA,2,5,0,0,629,153.175325945148,50.77727728784821,69.34890417533198,27.41827885256837,31.50302466263377,64.97939964685109,32.24318658280922,23.04067206228869,46.58419673176537,50.99666839662856,17.177997026625217,28.97884084636615,21.87649593106749,26.09944751381217,54.36893203883496,75.0,31.21951219512195,49.70414201183432,30.96497058560927
CHA,5,26.39365555395756,7.247156039179176,0.0,0.0,28.57142857142857,N,EA,5,0,0,0,616,105.19185119986209,59.08638829497307,69.31216931216927,6.284189459639768,4.327594229874358,49.59780262899744,44.989517819706506,12.795820100399553,45.11392042728495,78.10786713496137,14.79929720232463,38.17847286108555,29.53566299664912,23.71270718232045,46.60194174757281,56.25,39.02439024390244,37.27810650887574,29.140583922778543
CHA,6,26.01683862374896,7.128334732251512,0.0,0.0,-1.7857142857142885,N,EA,6,0,0,0,609,-24.16456610350572,36.74040239400922,56.5208702820173,17.598398932621752,29.26942764076314,74.39670394349618,30.901467505241097,13.041696547484886,87.43892047345778,72.66468052269292,27.55777807811868,30.818767249310024,54.04499760651029,38.47513812154696,7.76699029126214,25.0,0.0,12.42603550295858,20.04890824495789
CHA,6,26.01683862374896,7.128334732251512,0.0,0.0,-51.78571428571429,N,EA,6,0,0,0,609,-24.16456610350572,36.74040239400922,56.5208702820173,17.598398932621752,29.26942764076314,74.39670394349618,30.901467505241097,13.041696547484886,87.43892047345778,72.66468052269292,27.55777807811868,30.818767249310024,54.04499760651029,38.47513812154696,7.76699029126214,25.0,0.0,12.42603550295858,20.04890824495789
CHI,7,27.72630147641636,8.537364073533395,0.0,0.0,-69.64285714285714,N,EA,7,0,0,0,680,-59.61310465629629,28.15940490409724,14.832790932555277,41.50767178118745,35.22568636575151,57.759466352756526,38.9517819706499,31.64634771027559,89.19071204417199,78.6281612047269,67.34693877551018,77.55289788408464,34.13116323599809,69.5911602209945,3.8834951456310702,12.5,7.804878048780487,12.42603550295858,0.0
CHI,8,28.847561513182686,9.83082264942592,0.0,0.0,10.714285714285708,N,EA,6,0,0,0,782,76.6274548376889,39.27695044617412,53.66541353383462,68.83255503669112,67.98510935318751,45.20306062389643,30.230607966457026,48.283987296383565,62.72722783529371,86.25387665801762,64.31950263549129,63.20147194112236,47.91766395404499,62.8729281767956,38.83495145631068,31.25,54.634146341463406,24.85207100591716,4.4255513338161325
CHI,9,29.013699201754296,7.481467040455503,0.0,0.0,-7.142857142857153,N,EA,5,0,0,0,770,116.75531060831176,59.95314507497519,38.34586466165414,60.72048032021347,49.74406700791064,46.77261134000391,55.05241090146752,43.94017006454256,47.621236341645016,47.41119981941336,50.26354912826058,43.6982520699172,37.194830062230736,53.9447513812155,31.067961165048548,43.74999999999999,23.41463414634146,49.70414201183432,2.237577008164602
CLE,1,28.833835950940266,9.6283599192257,21.04121736935686,12.63610950447112,21.785714285714263,Y,EA,2,10,5,0,603,168.32151576138867,73.63539804966699,57.25185198869406,31.98132088058705,58.93438808748254,61.97763390229547,19.958071278826,31.61049072840897,74.48782269946776,38.26550043711968,0.0,59.4296228150874,19.53087601723313,31.37016574585636,54.61165048543689,80.078125,25.36585365853658,64.49704142011834,39.631055247467785
CLE,2,26.22791873688178,11.024104730286586,16.06351156063422,5.296164735272898,139.28571428571428,N,EA,1,5,0,0,662,267.9162049360989,62.7702052918164,33.46201324206039,37.65176784523015,44.69520707305723,23.62173827741809,14.255765199161427,15.848785985042516,6.3676039948049805,32.731736171882694,4.13569401270442,17.98528058877645,45.57204404021063,0.0,75.24271844660194,86.71875,58.53658536585365,76.33136094674556,44.51245523357903
CLE,3,27.848554355424103,7.51772044814785,0.0,0.0,-40.71428571428572,Y,EA,7,0,0,0,674,81.96303641147853,50.00916328390318,39.09774436090225,39.919946631087385,35.597952536063275,35.295271728467725,14.255765199161427,21.683229177338383,68.76902293331591,50.025122531592736,10.33923503176105,55.51977920883166,30.923887027285783,33.060773480662995,25.728155339805824,20.3125,41.95121951219512,28.99408284023668,45.36115713137767
CON,4,31.59996258652286,10.070434021888694,22.835506186903903,11.364338575243908,72.14285714285717,Y,EA,3,10,5,0,762,159.76098616404045,43.8180137221341,38.20617116561896,53.88925950633753,39.32061423918102,54.30645477731999,29.559748427672957,36.727794283372624,41.15155660560514,36.258880790156326,54.15596702257063,51.7939282428703,9.621828626136912,45.01657458563538,54.36893203883496,56.25,54.634146341463406,44.5266272189349,22.22100971220524
CON,5,32.51433230000006,10.762642349225992,25.858536558481468,10.503920381327502,72.14285714285717,Y,EA,1,10,10,5,724,172.80567623057283,59.0200135827424,35.55408864774357,43.21547698465642,58.6784550953932,37.66921718658034,19.49685534591196,32.71181231431204,63.33216314797699,82.25350885924748,29.28774158670091,56.2097516099356,28.76974629009096,35.73480662983427,54.36893203883496,56.25,54.634146341463406,74.55621301775147,27.9669844545193
CON,6,29.488240304472257,8.956277487641835,24.53631868445306,7.332336680685207,129.28571428571428,Y,EA,1,10,10,10,788,315.0709534030018,82.89141769278552,58.90665000302368,57.09139426284189,59.05072126570495,42.06395919168136,42.30607966457024,44.10408769593279,26.112295664534425,23.36651403543697,32.53142316529261,30.45078196872125,2.7285782671134564,30.430939226519342,85.43689320388349,81.24999999999999,85.85365853658537,68.34319526627219,31.898989097330382
CON,7,28.330562818338738,11.786970696853228,18.954313382198468,6.116873700850775,145.0,Y,EA,1,10,5,0,926,334.9128057295151,74.18460046763438,53.08270676691728,90.82054703135424,80.26989297347605,12.556405728860106,57.73584905660378,61.23348017621143,31.4078736567481,36.23505104864081,48.74983105825113,42.59429622815088,21.110579224509333,45.72375690607737,85.43689320388349,81.24999999999999,85.85365853658537,80.76923076923076,33.95849247527306
CON,8,29.878453690761877,1.8999904254760975,21.435737363515905,9.161316519135116,23.571428571428584,Y,EA,3,5,0,0,868,192.6363806703289,61.91337133386965,52.87081339712915,81.00066711140757,76.17496510004653,47.40043162644692,59.74842767295597,60.57780965065053,53.3747115229115,53.59347003782597,54.37221246114342,62.09751609935604,7.324078506462422,61.28176795580112,54.36893203883496,43.74999999999999,70.24390243902438,49.70414201183432,38.61816847055089
CON,9,29.351423380082245,12.481340389296967,16.999887762198018,6.125658452443092,123.21428571428572,N,EA,2,5,0,0,869,222.21984183432144,54.31515739263282,44.49801634130169,84.62975316877915,71.70777105630522,43.63350990778889,20.167714884696014,61.80719188607726,49.78641679610057,35.990411847437244,58.913366671171794,52.16191352345905,21.87649593106749,56.68508287292818,66.01941747572816,75.0,54.634146341463406,68.34319526627219,35.87067588615192
DET,1,28.431986916261376,12.042754718292246,0.0,0.0,17.85714285714286,N,EA,5,0,0,0,644,76.62165262486408,69.68503898495794,3.32424467762815,43.54903268845896,44.69520707305723,79.98822836962918,17.819706498951785,44.324352013113405,98.23290099684854,72.51032347973515,22.516556291390728,48.87304507819688,62.66156055528962,59.92265193370167,42.23300970873786,46.87499999999999,41.95121951219512,46.745562130177504,24.62971597503993
DET,2,29.946187502208275,9.085290857034185,0.0,0.0,-17.85714285714286,N,EA,7,0,0,0,621,35.61134666795288,37.52935915084174,62.52111760883688,34.476317545030014,31.247091670544435,46.96880517951736,13.542976939203356,24.469828910972232,100.0,78.94860114063539,24.814164076226515,19.549218031278752,30.923887027285783,45.17679558011051,25.728155339805824,33.59374999999999,25.36585365853658,28.99408284023668,25.651035207984048
DET,3,26.2739190211644,7.284692718424095,0.0,0.0,8.928571428571438,N,EA,8,0,0,0,719,59.39505835971264,32.58946038255487,22.192844749235725,64.86991327551699,34.80688692415076,49.30351186972729,49.182389937106926,25.427722569408868,48.87742949091552,40.90338803918079,25.27368563319368,30.105795768169276,55.33748204882719,44.8950276243094,21.601941747572813,40.23437499999999,8.780487804878048,23.076923076923077,18.122836082975365
DET,3,26.2739190211644,7.284692718424095,0.0,0.0,34.28571428571428,Y,EA,8,0,0,0,719,59.39505835971264,32.58946038255487,22.192844749235725,64.86991327551699,34.80688692415076,49.30351186972729,49.182389937106926,25.427722569408868,48.87742949091552,40.90338803918079,25.27368563319368,30.105795768169276,55.33748204882719,44.8950276243094,21.601941747572813,40.23437499999999,8.780487804878048,23.076923076923077,18.122836082975365
DET,4,28.11827638853829,9.88277129448004,22.87474543232956,7.5963358653359965,136.07142857142858,Y,EA,1,10,10,10,851,324.61423335393374,80.76706143588684,89.39453897902652,82.70847231487659,48.62726849697536,36.09966647047281,61.09014675052412,50.57883413584674,27.143945969833077,17.362204101429153,29.50398702527368,33.762649494020245,41.02441359502154,43.77900552486187,81.55339805825243,75.0,85.85365853658537,80.76923076923076,37.703991031835
DET,5,24.74939728019131,6.997348749247387,15.792339121023558,5.923568339153037,-2.500000000000014,Y,EA,3,5,0,0,773,162.05338023265776,49.25572994097781,17.796884555887313,69.89993328885924,55.70032573289904,49.59780262899744,54.38155136268343,35.25253560086058,40.306295525533216,66.63621263389156,27.55777807811868,37.810487580496776,42.55624700813787,42.54143646408841,50.48543689320388,43.74999999999999,62.4390243902439,55.91715976331362,51.20236902411682
DET,6,28.274844915825543,8.248915993463493,9.526135469867102,4.498961266427309,88.57142857142856,Y,EA,4,5,0,0,803,149.46825145623123,36.59230614994605,35.76799140708913,79.50633755837222,22.196370404839456,85.06964881302727,59.07756813417191,25.499436533142102,32.42220772742967,49.90412523444784,19.5566968509258,22.35510579576817,46.38583054092867,34.23204419889503,46.60194174757281,68.75000000000001,23.41463414634146,55.91715976331362,50.45634467912025
DET,7,27.85514891606982,8.211901954136799,23.1520396484483,6.600321853924148,93.9285714285714,Y,EA,2,10,10,10,880,286.55185055167755,46.58650075010826,43.03875631106756,94.6631087391594,58.6784550953932,69.37414165195212,47.0020964360587,48.4479049277738,14.997033792989626,28.997733420916184,33.82889579672929,22.72309107635695,24.94016275730014,42.806629834254174,73.78640776699031,81.24999999999999,62.4390243902439,74.55621301775147,50.50445928115792
DET,8,25.90833634603484,6.618980325815428,22.26115648276843,9.427424731782484,180.0,Y,EA,1,10,10,5,931,290.95322067026893,61.65862146138157,65.9919028340081,100.0,55.32805956258724,66.54895036295862,33.584905660377366,62.38090359594304,23.859412972829524,45.903597549632345,34.9101229895932,49.21803127874885,31.833413116323605,56.59668508287293,77.66990291262137,68.75000000000001,85.85365853658537,74.55621301775147,53.6219878771044
DET,9,25.068800688934576,8.069677683742764,16.276502930629274,5.4927572577925785,82.14285714285714,Y,EA,1,10,10,10,843,274.68695564554275,56.458677105263,62.406015037594,86.55103402268175,70.59097254536994,73.45497351383166,34.25576519916143,60.331933203565214,35.08666021722845,59.07462038260363,34.045141235302054,39.65041398344067,33.36524652943992,55.00552486187845,69.90291262135922,81.24999999999999,54.634146341463406,86.98224852071004,52.09968155077826
HOU,1,31.1795923782503,11.518912801462882,22.36358878515796,6.898817303035526,93.92857142857142,Y,WE,2,10,10,10,724,374.23366707593885,100.0,60.3172901704363,46.27084723148765,41.1354118194509,30.95938787522072,29.22431865828092,56.86405081446573,35.294360850140706,16.594669305881904,6.663062576023787,33.233670653173874,11.393011010052655,26.110497237569064,95.873786407767,86.71875,100.0,88.16568047337277,68.6709457247448
HOU,2,29.885653737722976,8.526216619128405,18.73703671029151,6.353106123981849,39.64285714285715,Y,WE,4,5,0,0,710,203.2269893336252,25.34696401572939,34.114596836919894,60.1067378252168,14.239181014425313,15.950559152442612,22.809224318658284,19.593279377113,20.768241415835003,46.34680469838736,25.0439248547101,25.0229990800368,39.87553853518431,19.348066298342545,62.864077669902905,66.796875,58.53658536585365,64.49704142011834,61.24939236713921
HOU,3,27.464981723284744,8.249306448663974,16.895580069069787,5.910960989717552,84.28571428571426,Y,WE,2,5,0,0,702,311.69556744339303,56.6795892158001,42.88884862759304,47.17811874583055,23.73196835737552,1.9423190111830453,44.905660377358494,21.770310419014443,0.0,26.443268938343746,22.976077848357885,22.67709291628335,0.0,9.767955801104977,83.49514563106796,86.71875,75.12195121951218,82.24852071005917,64.9859624408488
HOU,4,30.965809915463197,8.20689248915394,18.300800891210457,2.3675660379922125,64.28571428571428,N,WE,2,5,0,0,764,208.21415311137565,63.78880387659568,47.63507606224866,40.01334222815208,18.84597487203349,0.0,41.63522012578616,25.253560086056755,35.68522438365604,50.13179374875574,16.96175158805245,38.17847286108555,35.66299664911441,21.41436464088398,62.135922330097095,81.24999999999999,39.02439024390244,60.05917159763313,45.91621114869892
HOU,5,28.820974669686464,7.113159385560835,0.0,0.0,-23.92857142857144,Y,WE,6,0,0,0,724,99.1794892601108,45.51370365605519,54.98382828579832,41.0807204803202,13.63424848766869,20.40415930939769,26.876310272536685,19.762319434484173,46.56847863847046,60.051505012426674,27.55777807811868,46.64213431462743,41.02441359502154,27.513812154696144,34.95145631067961,50.0,23.41463414634146,27.11135018827326,39.59286118193272
HOU,6,27.46530024773856,7.608617804894754,18.45271400503172,11.660096571636569,15.35714285714286,Y,WE,3,10,5,0,684,161.4199012411643,78.70205499376911,22.384008802494037,25.07004669779852,19.590507212657037,28.56582303315677,25.53459119496856,30.5808831062391,70.66777871526055,59.768751685509066,7.230706852277341,47.37810487580497,27.23791287697463,32.11049723756908,58.252427184466015,62.49999999999999,54.634146341463406,49.70414201183432,31.27002708306465
HOU,7,29.734814074789558,8.854695180528422,17.3568051368824,7.130383127844142,46.428571428571445,N,WE,3,5,0,0,822,195.81689979025265,73.41391742889485,66.45533324837518,60.2935290193462,43.78780828292228,39.86658818913087,11.446540880503148,46.80872861387152,47.06715432458527,18.0029926852607,42.478713339640514,41.85832566697332,10.38774533269507,48.55248618784532,54.36893203883496,68.75000000000001,39.02439024390244,55.91715976331362,36.18565292010992
HOU,8,29.9602134914008,8.853869942681165,0.0,0.0,1.7857142857142776,N,WE,5,0,0,0,770,109.49034055187504,57.76264532372486,56.27562055824493,64.34956637758505,53.46672871102835,51.795173631547975,28.21802935010483,47.05460506095688,54.16371638562772,57.9800388094284,29.28774158670091,64.67341306347745,64.76783149832457,64.37569060773482,34.95145631067961,37.49999999999999,39.02439024390244,44.05594405594405,40.267953690935606
IND,1,24.56144216717452,5.594198110096784,0.0,0.0,-26.78571428571428,N,EA,7,0,0,0,647,95.72649341802924,64.66765103709955,76.27465977804397,31.527685123415605,43.90414146114471,60.30998626643124,44.905660377358494,34.04876549533859,85.59406282012678,22.936058377274552,18.610623057169885,54.7378104875805,3.255146002872188,47.14917127071824,21.601941747572813,26.953125,25.36585365853658,28.99408284023668,60.830249699903774
IND,2,29.90135416581737,10.13117299052103,0.0,0.0,-40.71428571428572,Y,EA,6,0,0,0,649,52.8215668027311,50.61388723651509,61.67436528541086,32.20813875917277,26.89623080502559,46.30174612517167,39.20335429769392,28.82389099477512,85.6406005227872,65.5001163584839,21.367752398972836,69.20423183072677,56.15126854954524,43.29834254143648,25.728155339805824,40.23437499999999,17.073170731707314,28.99408284023668,40.32053253439946
IND,3,29.92105239035252,8.48114675842747,16.489691121051614,8.610214049451315,35.71428571428571,N,EA,4,5,0,0,633,122.0946367321055,33.89641000991563,45.40771819050385,35.15677118078718,22.54536993950674,32.62703551108495,26.37316561844864,23.947341460915887,77.91029212192953,59.16542525074312,13.555885930531153,46.52713891444342,60.22020105313548,32.02762430939227,50.48543689320388,60.15625,41.95121951219512,58.57988165680472,38.347833850854656
IND,4,29.174524367039755,9.609884616250955,0.0,0.0,28.57142857142857,N,EA,5,0,0,0,654,115.97075572790872,49.65251782508485,60.07518796992481,31.04736490993995,46.393671475104696,55.87600549342751,36.26834381551362,32.87572994570228,73.51376187582446,78.45563614026311,12.636842816596838,58.049678012879504,72.42699856390618,37.23756906077349,46.60194174757281,62.49999999999999,31.21951219512195,49.70414201183432,41.73718514697275
IND,5,30.51112528556364,8.40171999893442,0.0,0.0,13.928571428571438,Y,EA,6,0,0,0,705,123.30637733429508,27.075309649457157,56.2033983086615,55.17011340893928,52.34993020009306,46.77261134000391,44.989517819706506,21.48345456408153,64.76306207076645,54.79544097153094,8.960670360859575,37.442502299908,66.29966491144089,30.519337016574596,42.71844660194174,56.25,31.21951219512195,37.27810650887574,35.39349808037618
IND,6,29.67848621905661,9.046294982353254,18.493892825675648,6.118919919584909,33.21428571428572,Y,EA,2,10,5,0,671,202.1957463087836,33.76458589710072,36.707152496626186,36.170780520346895,29.26942764076314,55.87600549342751,18.82599580712788,19.18860772461837,64.68835495842015,47.8201363645487,13.501824570887957,8.371665133394673,28.76974629009096,20.61878453038674,66.01941747572816,81.24999999999999,46.82926829268292,74.55621301775147,42.09234035376633
IND,7,30.30076855921112,9.500392614091163,9.025300399361294,5.7744758475661335,64.64285714285714,Y,EA,3,5,0,0,755,199.4602278825804,40.17229300297085,28.64920922997149,53.67578385590394,32.24755700325731,36.41357661369434,17.48427672955975,40.90769388382339,66.04257482200249,26.252750859559537,28.855250709555357,34.86660533578657,22.642412637625664,36.79558011049727,66.01941747572816,68.75000000000001,62.4390243902439,62.1301775147929,32.30771520123808
IND,8,32.82152028707566,10.593012416209648,23.242033329565874,8.318076893020525,50.35714285714286,Y,EA,2,10,5,0,812,225.75959272430964,50.92532920739036,55.57575256823376,66.27084723148766,35.97021870637505,48.96998234255444,46.33123689727464,44.59584059010346,31.07292962769704,41.30910853551924,51.12853088255169,23.091076356945724,29.53566299664912,41.569060773480665,66.01941747572816,68.75000000000001,62.4390243902439,62.1301775147929,37.83692622097003
IND,9,26.688800451687666,8.44860594773462,16.686585100480908,3.694763283673528,60.35714285714283,Y,EA,4,5,0,0,778,151.98956217954472,35.28812745060932,53.251709333757326,60.72048032021347,31.87529083294554,74.39670394349618,65.78616352201257,44.02212888023767,50.679680064527766,39.83219359620443,52.64224895256113,23.82704691812328,41.79033030157971,49.259668508287305,50.48543689320388,62.49999999999999,39.02439024390244,62.1301775147929,36.36174244303132
LAS,1,32.59665295592815,11.444098761080882,24.934085089934538,12.486976704439966,275.7142857142857,Y,WE,1,10,5,0,783,360.2784887966689,71.38784199186297,45.69831658793,67.59172781854568,77.5244299674267,81.32234647832058,66.28930817610063,51.81333879725437,23.45044757711298,15.579858076576528,24.12488174077578,22.286108555657773,27.668741024413595,35.784530386740336,100.0,93.359375,100.0,88.16568047337277,23.4967907064414
LAS,2,33.989823026808885,12.680341218951378,27.67250299995233,8.441856507040761,245.7142857142857,Y,WE,1,10,10,10,755,376.7326290436495,81.62740089976477,73.52555701179554,70.7671781187458,81.47975802698927,51.63821855993722,53.459119496855344,53.90328859747976,20.137242990931583,34.2412960085101,11.028517367211784,58.64765409383625,34.99281953087602,35.502762430939235,100.0,100.0,91.70731707317074,100.0,45.04469201694428
LAS,3,28.66977596674615,9.604051259719071,23.758511160681397,12.733024045781214,121.78571428571428,Y,WE,1,10,10,10,814,350.24487612757514,75.9951784173666,81.23366669099936,79.38625750500333,76.33783154955792,67.64763586423386,69.85324947589099,54.8611822559164,17.542935477411735,29.7414236164316,19.759426949587784,46.918123275069,32.55146002872188,41.98342541436465,87.62135922330097,73.4375,100.0,88.16568047337277,63.87585440620629
LAS,4,27.33469930200982,7.930869392418692,20.508380432951416,5.848125905661882,100.0,Y,WE,1,10,10,5,813,257.2461997300492,50.17430805297566,43.86534518113464,65.41694462975317,64.2624476500698,60.27074749852854,63.10272536687632,46.153058088310615,32.732386409579306,70.37848120866236,38.37005000675767,58.78564857405705,39.492580181905225,47.04972375690609,77.66990291262137,62.49999999999999,93.65853658536584,75.59171597633136,49.75099453378439
LAS,5,30.315600905368512,8.585301987263428,17.199644032734565,2.1194829926197745,37.85714285714286,Y,WE,1,5,0,0,809,287.2982154450997,68.30613131021033,83.23707820275325,59.43962641761171,78.7808282922289,75.65234451638219,54.38155136268343,45.82522282553015,16.186933689797495,52.16660894133558,29.936477902419234,44.06623735050598,29.53566299664912,40.773480662983424,81.55339805825243,87.5,70.24390243902438,77.94513179128563,59.34167319768653
LAS,5,30.315600905368512,8.585301987263428,17.199644032734565,2.1194829926197745,32.5,Y,WE,1,5,0,0,809,287.2982154450997,68.30613131021033,83.23707820275325,59.43962641761171,78.7808282922289,75.65234451638219,54.38155136268343,45.82522282553015,16.186933689797495,52.16660894133558,29.936477902419234,44.06623735050598,29.53566299664912,40.773480662983424,81.55339805825243,87.5,70.24390243902438,77.94513179128563,59.34167319768653
LAS,5,30.315600905368512,8.585301987263428,17.199644032734565,2.1194829926197745,55.35714285714286,Y,WE,1,5,0,0,809,287.2982154450997,68.30613131021033,83.23707820275325,59.43962641761171,78.7808282922289,75.65234451638219,54.38155136268343,45.82522282553015,16.186933689797495,52.16660894133558,29.936477902419234,44.06623735050598,29.53566299664912,40.773480662983424,81.55339805825243,87.5,70.24390243902438,77.94513179128563,59.34167319768653
LAS,6,28.013260811256576,7.513930379220313,18.28683478254544,5.7507895132620686,-16.785714285714292,Y,WE,4,5,0,0,683,137.88749089435925,59.41095955256272,36.6283926871442,34.46297531687792,50.860865518845976,77.53580537571119,46.33123689727464,31.97418297305602,50.11915787866428,60.4115864710194,24.53034193809974,56.945722171113154,30.30157970320728,39.35911602209945,50.48543689320388,62.49999999999999,39.02439024390244,55.352339967724575,46.07394767909049
LAS,6,28.013260811256576,7.513930379220313,18.28683478254544,5.7507895132620686,-4.285714285714292,Y,WE,4,5,0,0,683,137.88749089435925,59.41095955256272,36.6283926871442,34.46297531687792,50.860865518845976,77.53580537571119,46.33123689727464,31.97418297305602,50.11915787866428,60.4115864710194,24.53034193809974,56.945722171113154,30.30157970320728,39.35911602209945,50.48543689320388,62.49999999999999,39.02439024390244,55.352339967724575,46.07394767909049
LAS,7,27.905432886235623,10.427399519603494,20.0563174314141,8.115485476975536,108.92857142857144,N,WE,1,10,5,0,852,272.87682000156826,69.57621832380671,16.03677629085979,76.73115410273513,72.82456956724057,59.32901706886402,41.63522012578616,52.381928081139215,28.543804977426348,54.88437398493248,33.39640491958373,56.2097516099356,40.25849688846338,50.93922651933703,81.55339805825243,87.5,70.24390243902438,80.76923076923076,41.49115584170792
LAS,8,29.042250982430197,6.634146216890526,0.0,0.0,-33.57142857142858,Y,WE,7,0,0,0,783,46.398379695000656,40.76468067677085,60.77034691993137,63.28218812541693,51.97766402978127,75.9662546596037,26.876310272536685,48.93965782194447,64.97629867224263,64.47125346311992,54.37221246114342,74.9770009199632,47.15174724748684,71.4475138121547,23.300970873786408,25.0,31.21951219512195,21.463152232383,44.72921895616115
LAS,9,27.72144207420613,7.752626914193627,20.212416540540254,7.389359337193051,55.714285714285694,Y,WE,3,10,5,0,896,238.7589120236468,56.43630937563167,29.43802805984032,93.80920613742492,73.94136807817591,70.00196193839511,100.0,54.26698084212681,10.869711592413868,50.30082825583667,43.12744965535884,37.07451701931922,50.2154140737195,55.0939226519337,62.135922330097095,68.75000000000001,54.634146341463406,62.1301775147929,51.58877392089364
MIA,1,27.34288043254636,6.24716640687915,0.0,0.0,-13.928571428571429,Y,EA,6,0,0,0,595,57.09279492946333,0.0,0.0,37.87858572381587,9.888320148906466,81.98940553266627,17.819706498951785,0.78373117508452,59.58169209223318,77.24467449731236,11.488038924178944,10.9475620975161,38.24796553374821,20.005524861878456,38.10679611650485,53.515625,25.36585365853658,40.8284023668639,34.76453606611046
MIA,2,28.88398195419388,6.607801570295739,17.265017681842142,9.61462576055266,71.42857142857142,N,EA,3,5,0,0,651,239.95457591470787,45.60321022512974,32.53982413661273,34.022681787858566,30.45602605863192,46.96880517951736,64.15094339622642,11.7559676262678,21.49932260892334,22.391177797322197,21.82727395593999,0.0,13.02058401148875,10.331491712707184,66.99029126213593,60.15625,75.12195121951218,70.41420118343194,41.70692751063977
MIN,1,25.92017951446454,8.862416442812865,0.0,0.0,26.78571428571429,N,WE,6,0,0,0,612,93.4768732790598,52.80219866252993,65.83490249265897,17.46497665110073,41.53094462540716,76.31940357072787,0.0,32.307140661817435,62.876831935168674,52.52959049494983,23.8951209622922,32.8426862925483,48.01340354236477,37.569060773480665,46.35922330097088,46.87499999999999,50.24390243902439,17.159763313609464,29.26707076318688
MIN,2,30.047189551263543,8.479390163139369,0.0,0.0,-1.4210854715202004e-14,N,WE,6,0,0,0,693,90.3876045687267,5.680754263968538,35.38193309360354,47.17811874583055,18.59004187994416,77.98705120659211,45.61844863731657,22.20571662739473,17.598145345161207,38.90054900002362,32.85579132315178,48.09107635694572,44.75825753949258,34.563535911602216,33.980582524271846,33.59374999999999,41.95121951219512,40.8284023668639,31.235801232130637
MIN,3,26.264909869106702,7.246348128717727,0.0,0.0,-7.142857142857146,N,WE,8,0,0,0,650,58.09707429867827,42.43735087431034,45.810526315789495,37.65176784523015,30.060493252675656,51.97174808711006,27.798742138364783,15.761704743366456,44.321615642406606,69.9769236320125,9.420191917826733,41.835326586936525,37.43417903303016,29.67955801104973,25.728155339805824,40.23437499999999,17.073170731707314,23.076923076923077,40.79275007192389
MIN,3,26.264909869106702,7.246348128717727,0.0,0.0,-26.42857142857143,Y,WE,8,0,0,0,650,58.09707429867827,42.43735087431034,45.810526315789495,37.65176784523015,30.060493252675656,51.97174808711006,27.798742138364783,15.761704743366456,44.321615642406606,69.9769236320125,9.420191917826733,41.835326586936525,37.43417903303016,29.67955801104973,25.728155339805824,40.23437499999999,17.073170731707314,23.076923076923077,40.79275007192389
MIN,4,29.07916161043528,9.942764662448749,17.6931877125478,5.23793082490673,6.428571428571445,Y,WE,4,5,0,0,718,180.12868097738388,73.45175448923794,54.93313436262415,50.47364909939959,61.65658445788738,45.20306062389643,22.85115303983229,36.39995902059215,57.4566249038969,32.40466053463486,13.285579132315188,42.59429622815088,38.72666347534706,41.569060773480665,54.36893203883496,62.49999999999999,46.82926829268292,60.05917159763313,31.06020773603436
MIN,5,27.56340605668886,8.950899125850853,13.99323743103252,-7.761159830457991,96.42857142857144,N,WE,3,5,0,0,724,168.61683538868755,36.86297499638474,41.50597896956416,45.56370913942627,41.55421126105164,53.36472434765547,48.34381551362683,18.77881364614282,37.75926601645342,2.10667294083581,23.44911474523583,35.23459061637535,44.08808042125419,25.6574585635359,54.36893203883496,62.49999999999999,46.82926829268292,55.352339967724575,33.46296167696749
MIN,6,24.014149449916253,5.402514640866705,0.0,0.0,10.714285714285708,N,WE,6,0,0,0,715,105.18761730981184,44.36328085922258,59.75304113943396,38.94596397598399,43.4155421126105,42.06395919168136,40.29350104821803,22.548919168118022,59.966181449054034,54.2561663157984,27.55777807811868,45.906163753449874,52.51316419339397,34.32044198895029,38.83495145631068,62.49999999999999,15.609756097560975,38.4077461000538,27.684249164194803
MIN,7,30.03256901657837,10.700025592244003,0.0,0.0,-23.21428571428571,N,WE,7,0,0,0,804,49.20067180352593,59.30348294357886,62.62852836147648,64.34956637758505,28.5248953001396,51.481263488326455,30.901467505241097,48.12006966499332,67.97416728394597,43.85274232993175,59.77834842546292,78.2888684452622,37.194830062230736,73.83425414364642,23.300970873786408,43.74999999999999,7.804878048780487,24.85207100591716,25.73734387555679
MIN,7,30.03256901657837,10.700025592244003,0.0,0.0,5.357142857142868,N,WE,7,0,0,0,804,49.20067180352593,59.30348294357886,62.62852836147648,64.34956637758505,28.5248953001396,51.481263488326455,30.901467505241097,48.12006966499332,67.97416728394597,43.85274232993175,59.77834842546292,78.2888684452622,37.194830062230736,73.83425414364642,23.300970873786408,43.74999999999999,7.804878048780487,24.85207100591716,25.73734387555679
MIN,8,30.120846035286508,9.723634030360063,0.0,0.0,-25.0,N,WE,6,0,0,0,785,56.36529191103349,45.02602764302329,43.13909774436088,72.4616410940627,67.61284318287576,70.00196193839511,18.82599580712788,57.38141583854113,86.71436010213881,61.00821254766036,41.181240708203816,56.2097516099356,54.81091431306845,75.33701657458563,23.300970873786408,37.49999999999999,15.609756097560975,32.75954814416353,31.44016428408448
MIN,9,26.479442063695902,10.072233971825115,0.0,0.0,28.57142857142857,N,WE,7,0,0,0,792,129.45961283749668,62.04645418463212,37.91257805530773,64.56304202801869,53.094462540716606,81.93054738081226,42.97693920335431,68.11802069460093,73.58244340176782,44.677938274062726,61.508311934045146,64.3054277828887,49.449497367161314,72.59668508287295,46.60194174757281,50.0,46.82926829268292,37.27810650887574,30.172319719050407
NYL,1,27.61438718816316,6.345946881342157,22.955731668650134,11.559513116013706,62.85714285714283,Y,EA,1,10,10,5,652,262.0935638909032,67.77414817514361,52.87081339712915,33.34222815210139,34.4113541181945,51.97174808711006,27.798742138364783,28.388484786394837,36.59100649045484,0.0,21.597513177456413,28.93284268629255,18.71708951651508,23.198895027624317,66.99029126213593,73.4375,58.53658536585365,70.41420118343194,86.47086834456007
NYL,2,25.75836535836235,11.535943553230425,16.19298439711872,-0.8063753460760216,68.92857142857144,Y,EA,2,10,5,0,660,253.08839633325564,86.05409762329592,83.8872716232386,27.6717811874583,64.47184737087017,51.63821855993722,13.542976939203356,29.60762216985964,55.37563074784957,49.77772298189747,25.27368563319368,16.42134314627415,4.068932503590235,27.61325966850829,71.11650485436894,80.078125,58.53658536585365,64.49704142011834,95.69845537246654
NYL,3,28.883381281668843,9.643435514125686,28.04174806709409,11.155251398293816,53.57142857142859,N,EA,1,10,10,5,610,214.63441084820167,74.69289076240221,69.9812030075188,17.46497665110073,41.926477431363416,58.97586815773984,26.37316561844864,23.250691527507424,27.395427877770253,54.44503670213793,20.21894850655494,8.60165593376265,13.834370512206798,21.32044198895028,58.7378640776699,60.15625,58.53658536585365,52.66272189349112,87.83742224779516
NYL,4,29.935117526918024,9.760824802963462,0.0,0.0,28.57142857142857,Y,EA,6,0,0,0,686,163.92289610845995,60.82518331137285,69.58496240601501,24.429619746497668,41.926477431363416,30.449283892485784,40.9643605870021,25.17160127036164,50.90077139088947,45.18896161170392,29.07149614812812,34.4986200551978,15.749162278602208,31.491712707182344,46.60194174757281,62.49999999999999,31.21951219512195,44.5266272189349,76.7408061427962
NYL,5,30.863802677651268,8.996669034704398,21.495027959516836,11.059225594157155,-13.214285714285715,Y,EA,2,10,5,0,741,170.62750092738685,55.99724503204909,60.13940848880716,34.46297531687792,46.393671475104696,30.449283892485784,38.28092243186583,25.90923061161765,44.61331350479419,33.348902739705025,37.50506825246655,38.54645814167433,36.42891335567257,35.116022099447534,54.36893203883496,62.49999999999999,46.82926829268292,49.70414201183432,54.77475421870815
NYL,5,30.863802677651268,8.996669034704398,21.495027959516836,11.059225594157155,1.0714285714285694,Y,EA,2,10,5,0,741,170.62750092738685,55.99724503204909,60.13940848880716,34.46297531687792,46.393671475104696,30.449283892485784,38.28092243186583,25.90923061161765,44.61331350479419,33.348902739705025,37.50506825246655,38.54645814167433,36.42891335567257,35.116022099447534,54.36893203883496,62.49999999999999,46.82926829268292,49.70414201183432,54.77475421870815
NYL,6,25.89493679976835,6.52874823887399,10.48986667570632,2.529691297346764,46.428571428571445,N,EA,3,5,0,0,732,178.38013396393808,76.0957694436897,55.16311439756415,28.05870580386925,31.130758492322,38.610947616244864,30.230607966457026,31.154594816104925,59.959645114388216,30.72319591187073,22.151642113799152,22.35510579576817,8.08999521302058,34.05524861878453,54.36893203883496,56.25,54.634146341463406,43.49112426035502,56.91709407644765
NYL,7,27.599047989290657,8.348289216032352,0.0,0.0,-38.92857142857143,Y,EA,5,0,0,0,736,32.84890808237444,30.817944760978023,48.09582094771815,38.092061374249504,22.56863657515123,57.759466352756526,30.230607966457026,35.74428849503125,85.05470544945588,76.84253302487515,53.07473982970672,35.23459061637535,44.85399712781236,66.8508287292818,27.184466019417474,37.49999999999999,23.41463414634146,31.06508875739645,48.31946111645718
NYL,8,27.709805585476712,7.731839130801462,17.34996178564,4.322477501405827,20.0,Y,EA,4,5,0,0,788,136.40841317409402,49.3318086009801,77.61171688793195,49.6197464976651,31.87529083294554,40.18049833235236,28.21802935010483,39.10459993853088,44.85587546322653,37.625631771271486,62.15704824976347,35.602575896964126,30.30157970320728,53.149171270718256,46.60194174757281,56.25,39.02439024390244,49.70414201183432,44.75699645836847
NYL,9,30.84133367476304,11.399209727677832,21.31065857477431,7.512318848436952,55.35714285714286,N,EA,3,10,5,0,778,172.6536521244033,52.92419966787845,73.43287396962658,56.02401601067377,50.860865518845976,51.795173631547975,33.584905660377366,52.21801044974899,60.24374804566834,66.97192912602029,53.50723070685231,30.818767249310024,25.706079463858316,56.41988950276242,58.252427184466015,62.49999999999999,54.634146341463406,55.91715976331362,47.6865308875904
ORL,1,27.22147218444845,9.280475177289564,15.97755714342148,4.745042827981255,35.71428571428571,N,EA,3,5,0,0,606,133.9323329103066,67.33317337287882,53.72038587033625,29.93995997331554,32.82922289436947,40.63174416323327,47.75681341719078,33.6133592869583,67.30304955019098,51.75393191319926,33.08555210163536,57.8656853725851,30.11010052656774,41.79558011049724,50.48543689320388,66.796875,33.65853658536585,64.49704142011834,29.848414202240058
ORL,2,29.278557513456796,7.550836455534945,0.0,0.0,8.92857142857143,N,EA,5,0,0,0,614,80.04798304205113,34.56418375630229,41.90174684832385,40.14676450967311,24.52303396928804,60.64351579360408,44.19287211740042,27.691834852986368,75.26547034295875,66.71611954870606,23.435599405325043,57.08371665133395,34.99281953087602,39.1657458563536,38.10679611650485,60.15625,17.073170731707314,40.8284023668639,30.37618674417912
PHO,1,28.53141451616009,9.251660289032074,16.10003392704532,5.434559635643197,71.42857142857142,N,WE,4,5,0,0,619,195.95017615199131,76.99419633249758,32.117094767375306,22.9086057371581,29.664960446719395,56.30763194035707,19.958071278826,36.66120274562032,55.2589465433399,39.19795862111212,22.05703473442357,38.31646734130635,16.27573001436094,29.491712707182327,66.99029126213593,66.796875,66.82926829268293,52.66272189349112,51.30901479151993
PHO,2,23.98252722033415,7.082317609573322,0.0,0.0,8.92857142857143,N,WE,5,0,0,0,642,88.83868785355929,38.07260934192159,38.42753849479927,33.79586390927284,49.04606793857607,54.63998430449284,53.459119496855344,21.07366048560598,46.06770310016622,60.17577455724127,36.302203000405456,53.1738730450782,45.57204404021063,35.784530386740336,38.10679611650485,60.15625,17.073170731707314,34.91124260355029,39.3567524131705
PHO,3,26.141507355007786,7.538995237524182,0.0,0.0,25.0,N,WE,7,0,0,0,626,19.266336801915514,52.105652805523015,24.316889785439216,28.352234823215472,14.63471382038157,53.97292525014714,22.09643605870021,23.42485401085954,91.83032207384126,100.0,29.40937964589809,56.3017479300828,45.57204404021063,47.24309392265194,29.85436893203883,60.15625,0.4878048780487811,28.99408284023668,40.75505203321396
PHO,3,26.141507355007786,7.538995237524182,0.0,0.0,-26.785714285714285,N,WE,7,0,0,0,626,19.266336801915514,52.105652805523015,24.316889785439216,28.352234823215472,14.63471382038157,53.97292525014714,22.09643605870021,23.42485401085954,91.83032207384126,100.0,29.40937964589809,56.3017479300828,45.57204404021063,47.24309392265194,29.85436893203883,60.15625,0.4878048780487811,28.99408284023668,40.75505203321396
PHO,4,19.713241040519296,5.189181743228618,0.0,0.0,-42.85714285714285,N,WE,7,0,0,0,643,-5.7747176778135065,16.67264095803378,46.11026132666912,33.60907271514341,17.356910190786408,54.62036492054151,29.559748427672957,13.205614178875122,82.78009215333414,73.30956843801532,40.3162589539127,35.602575896964126,54.04499760651029,32.72928176795581,15.53398058252427,31.25,7.804878048780487,13.461538461538463,43.09282646005496
PHO,5,27.518981330913117,9.223477608039548,0.0,0.0,37.49999999999999,N,WE,5,0,0,0,652,139.75347212700402,61.52845823380475,75.8790038680516,15.677118078719143,32.24755700325731,80.98881695114774,47.0020964360587,29.843253764983075,57.643702752817006,85.9679954965778,19.98918772807136,16.099356025758972,47.15174724748684,29.6353591160221,50.48543689320388,56.25,46.82926829268292,49.70414201183432,39.0174700647811
PHO,6,29.702430275122424,10.17748810419488,0.0,0.0,28.57142857142857,N,WE,5,0,0,0,720,152.45908888342797,46.85018130378704,44.41670037803229,46.84456304202801,50.11633317822244,64.97939964685109,75.17819706498953,34.84274152238499,62.34140781028968,71.59092271934637,20.85416948236248,21.25114995400185,28.003829583532784,40.15469613259669,46.60194174757281,62.49999999999999,31.21951219512195,55.352339967724575,32.99124016626819
PHO,7,27.943382613893263,11.614723418210223,0.0,0.0,126.42857142857144,Y,WE,5,0,0,0,811,173.35537929217423,74.3382229741811,73.57590652531604,64.56304202801869,83.99255467659376,78.7914459485972,40.29350104821803,83.93607212375781,67.50529244943876,42.40957614391271,76.86173807271251,60.9935602575897,38.72666347534706,86.5635359116022,54.36893203883496,56.25,54.634146341463406,37.27810650887574,34.30819138699021
PHO,8,30.942955263130838,11.30277856687725,24.33151808623874,7.529518990412651,91.07142857142856,N,WE,1,10,10,10,873,247.93658247157285,70.68195680305867,62.34788967431045,66.05737158105403,100.0,52.73690406121246,61.761006289308185,89.26339514394014,34.1624170683027,84.66502905532188,100.0,79.3928242870285,25.706079463858316,88.77348066298343,73.78640776699031,68.75000000000001,78.04878048780488,83.59332974717589,36.65092608208252
PHO,9,28.37183556610182,11.225962567042124,0.0,0.0,68.57142857142856,Y,WE,6,0,0,0,851,133.1985005933618,61.92613022398162,42.72199757596556,81.8545697131421,54.2112610516519,95.42868353933686,59.74842767295597,88.03401290851347,53.263719911354656,59.57287126699195,80.10541965130425,87.4885004599816,41.02441359502154,98.05524861878456,46.60194174757281,56.25,39.02439024390244,37.27810650887574,43.26941200980149
POR,1,27.80249396558937,8.157636251371871,0.0,0.0,-17.85714285714286,N,WE,7,0,0,0,627,41.6658219429107,48.79799890240912,48.0873083401344,32.434956637758496,35.597952536063275,100.0,21.38364779874214,28.99805347812724,59.61264546103716,48.161276918122944,18.38086227868631,38.70745170193192,48.01340354236477,48.37016574585636,25.728155339805824,33.59374999999999,25.36585365853658,11.242603550295858,37.42075971468537
POR,2,27.165305104747446,8.312090067405627,0.0,0.0,-8.92857142857143,N,WE,7,0,0,0,696,42.071998742738806,21.67327581420376,45.34022918568096,46.04402935290192,24.12750116333178,57.30822052187561,30.649895178197067,23.163610285831368,36.81850655753068,90.52699047794776,53.53426138667388,44.18123275068997,59.40641455241743,38.883977900552495,29.85436893203883,33.59374999999999,33.65853658536585,17.159763313609464,39.69256257378399
SAC,1,29.40459710304599,10.876479698989044,17.968504161055723,10.360505024249884,80.35714285714286,Y,WE,3,5,0,0,650,224.8928398034847,70.77711356216741,27.87524366471735,55.57038025350232,70.00930665425778,36.62938983715911,67.00209643605871,45.3693269132261,55.22404442307423,55.40180242654122,17.92134072171915,44.96320147194112,36.62039253231211,36.44198895027625,71.11650485436894,80.078125,58.53658536585365,64.49704142011834,34.32803245999544
SAC,2,28.609221228622676,13.76192578441682,21.37000306417103,10.521825758801198,29.28571428571428,Y,WE,2,10,5,0,723,259.55649599797067,56.09099661301165,88.08368438827566,68.95263509006003,66.44951140065145,42.29939179909751,67.71488469601678,41.10234607109927,30.474751345095434,11.200477802110251,30.328422759832407,42.2263109475621,58.59262805169938,32.966850828729285,66.99029126213593,73.4375,58.53658536585365,64.49704142011834,37.682165851529255
SAC,2,28.609221228622676,13.76192578441682,21.37000306417103,10.521825758801198,60.71428571428572,N,WE,2,10,5,0,723,259.55649599797067,56.09099661301165,88.08368438827566,68.95263509006003,66.44951140065145,42.29939179909751,67.71488469601678,41.10234607109927,30.474751345095434,11.200477802110251,30.328422759832407,42.2263109475621,58.59262805169938,32.966850828729285,66.99029126213593,73.4375,58.53658536585365,64.49704142011834,37.682165851529255
SAC,3,25.36257794366692,6.894996790904521,0.0,0.0,17.85714285714286,Y,WE,6,0,0,0,648,94.59673535464252,34.35075210836633,7.410297896640358,35.3835890593729,43.50860865518845,71.31646066313517,32.78825995807128,29.95594713656387,51.07083167657485,42.76592574818085,46.41167725368293,41.05335786568538,46.38583054092867,47.524861878453045,42.23300970873786,60.15625,25.36585365853658,34.91124260355029,42.928145554111566
SAC,4,30.474162448402964,9.639043068492349,23.764349509468524,4.895761385069243,-3.2142857142857224,Y,WE,3,10,5,0,718,186.25675039084345,41.99752805338686,34.02215899155922,47.91194129419612,57.18939041414611,47.40043162644692,36.9392033542977,29.761294949288,40.22559491000939,34.76837383155258,36.42384105960264,38.17847286108555,50.2154140737195,27.95580110497237,58.252427184466015,68.75000000000001,46.82926829268292,54.88165680473372,48.58235533377645
SAC,4,30.474162448402964,9.639043068492349,23.764349509468524,4.895761385069243,48.57142857142856,Y,WE,3,10,5,0,718,186.25675039084345,41.99752805338686,34.02215899155922,47.91194129419612,57.18939041414611,47.40043162644692,36.9392033542977,29.761294949288,40.22559491000939,34.76837383155258,36.42384105960264,38.17847286108555,50.2154140737195,27.95580110497237,58.252427184466015,68.75000000000001,46.82926829268292,54.88165680473372,48.58235533377645
SAC,5,29.563857613348677,9.85104594053187,22.141406194304466,6.418778911820527,146.42857142857144,Y,WE,4,10,5,0,635,167.65417009228256,54.01241426392323,62.78916469255328,38.73248832555036,38.94834806886925,47.40043162644692,34.25576519916143,30.82675955332445,62.28540160197653,61.10424797025386,12.636842816596838,37.07451701931922,31.833413116323605,30.16574585635358,54.36893203883496,56.25,54.634146341463406,55.352339967724575,44.59727582067638
SAC,6,30.783256221007,9.368518449709503,24.7974728776841,8.99885367286569,201.78571428571428,Y,WE,1,10,10,10,674,289.83683023491176,61.288088281408434,66.67919799498748,42.78852568378918,41.926477431363416,60.89856778497155,27.547169811320757,32.220059420141375,42.66609039854279,19.74258834891412,8.528179483714018,18.6752529898804,43.322163714696025,17.08287292817681,81.55339805825243,87.5,70.24390243902438,83.59332974717589,43.44103729129672
SAC,7,28.8953923002149,10.044789215946505,28.52273524328369,11.009350289966214,50.35714285714286,Y,WE,2,10,10,5,720,202.16525421497155,51.95040167469522,52.5973284621532,63.06871247498329,35.22568636575151,56.50382577987052,14.129979035639415,49.26749308472494,65.19063579469761,25.550161564495617,19.77294228949857,34.86660533578657,51.74724748683581,44.57458563535912,66.01941747572816,81.24999999999999,46.82926829268292,49.70414201183432,44.69400105157687
SAC,8,29.85539685194852,8.567743689855725,21.408469337501547,7.977640231964361,32.5,Y,WE,3,5,0,0,723,168.68625390102892,39.95748154935118,65.33992323466009,70.96731154102736,45.64913913448115,47.71434176966844,22.85115303983229,48.4479049277738,61.36940930794571,51.7835870898801,21.28666035950804,47.74609015639375,50.2154140737195,51.29281767955801,58.252427184466015,68.75000000000001,46.82926829268292,55.352339967724575,42.13251852660192
SAC,9,27.11380227423867,9.304302991371422,18.74713957242517,5.850168757635443,46.428571428571445,N,WE,4,5,0,0,721,100.5793014060588,41.87755058164846,86.67215985168397,56.87791861240825,21.824104234527685,62.78202864430056,6.750524109014674,49.92316361028584,86.79987478515604,54.32780427744552,31.882686849574267,62.09751609935604,100.0,59.33701657458567,54.36893203883496,75.0,31.21951219512195,43.49112426035502,40.39196039721828
SAS,4,30.72556865445697,6.565595533958379,0.0,0.0,17.857142857142854,N,WE,6,0,0,0,795,93.03455411960236,17.277842094519453,16.677407805227375,64.56304202801869,5.072126570497901,74.71061408671767,67.12788259958073,22.87675443089845,27.05714846818537,26.715118752493694,52.85849439113392,43.33026678932843,49.449497367161314,46.60773480662982,31.067961165048548,50.0,15.609756097560975,39.349112426035504,58.97312526661442
SAS,4,30.72556865445697,6.565595533958379,0.0,0.0,-17.85714285714286,N,WE,6,0,0,0,795,93.03455411960236,17.277842094519453,16.677407805227375,64.56304202801869,5.072126570497901,74.71061408671767,67.12788259958073,22.87675443089845,27.05714846818537,26.715118752493694,52.85849439113392,43.33026678932843,49.449497367161314,46.60773480662982,31.067961165048548,50.0,15.609756097560975,39.349112426035504,58.97312526661442
SAS,5,27.432411874201915,11.704683675888935,0.0,0.0,-32.14285714285715,N,WE,7,0,0,0,701,33.15864356978225,50.93072918141982,36.17241484277496,34.24949966644429,29.26942764076314,43.31959976456737,26.20545073375262,20.909742854215747,78.88854071602722,73.44008605192236,23.01662386809027,59.88960441582335,41.02441359502154,41.03867403314919,19.417475728155345,31.25,15.609756097560975,21.463152232383,42.20295433577048
SAS,5,27.432411874201915,11.704683675888935,0.0,0.0,5.357142857142856,N,WE,7,0,0,0,701,33.15864356978225,50.93072918141982,36.17241484277496,34.24949966644429,29.26942764076314,43.31959976456737,26.20545073375262,20.909742854215747,78.88854071602722,73.44008605192236,23.01662386809027,59.88960441582335,41.02441359502154,41.03867403314919,19.417475728155345,31.25,15.609756097560975,21.463152232383,42.20295433577048
SAS,6,27.246507519821588,6.550070021799896,0.0,0.0,-51.78571428571429,N,WE,7,0,0,0,690,-16.467254640247837,49.27197136522336,39.85405992858252,22.081387591727815,6.933457422056759,50.22562291544045,15.471698113207546,16.81180206946009,70.57548585387774,58.27429120164887,27.55777807811868,55.473781048758056,55.5768310196266,44.3093922651934,11.650485436893202,25.0,7.804878048780487,4.5185583647122085,38.4019007747939
SAS,7,31.858427877870646,10.808004640574882,0.0,0.0,-23.92857142857144,Y,WE,6,0,0,0,814,102.21749280011689,38.83114347039563,52.09336290366205,69.47298198799197,46.76593764541647,37.66921718658034,10.775681341719084,48.12006966499332,64.17799318360034,67.55122514863,66.91444789836464,54.369825206991706,41.02441359502154,62.16574585635362,34.95145631067961,31.25,46.82926829268292,49.70414201183432,33.78637116695271
SAS,8,32.41379343556827,10.402307497994585,27.300822828766364,13.671295174853643,82.85714285714283,Y,WE,2,10,5,0,764,200.18962761187797,56.242940811324125,72.53646483700415,52.18145430286856,56.81712424383433,51.16735334510497,42.30607966457024,47.62831677082266,54.98289169785531,38.60532300317222,45.28990404108661,38.17847286108555,47.15174724748684,51.64640883977902,62.135922330097095,50.0,78.04878048780488,61.00053792361485,35.2402257914108
SAS,9,27.14640590823968,7.063311503750608,22.379438190243352,12.001698437037954,77.14285714285712,Y,WE,1,10,10,5,847,273.32256390659484,64.75622687214369,51.76810300333392,53.46230820547031,69.4741740344346,35.15793604080833,55.72327044025158,50.00512242598092,26.62426586389478,9.403699504020649,60.21083930260844,32.290708371665126,25.706079463858316,45.81215469613262,77.66990291262137,87.5,62.4390243902439,49.70414201183432,38.73324669398121
SEA,1,26.959721553872672,5.610230274771396,0.0,0.0,-53.57142857142857,N,WE,8,0,0,0,537,-61.993958069885785,17.613264417518764,20.01569858712717,0.0,0.0,62.31116342946831,21.38364779874214,0.0,88.96419763624147,60.10745778997445,31.24746587376672,46.136154553817846,42.31689803733844,35.97237569060774,9.223300970873789,20.3125,8.780487804878048,11.242603550295858,42.1419430362794
SEA,2,28.048587710997555,8.576536138029683,0.0,0.0,-57.85714285714286,Y,WE,8,0,0,0,585,9.511981939991712,12.912378582666747,28.914519307978665,22.228152101400926,8.70172173103769,47.9693937610359,45.61844863731657,8.62104292592972,63.823947929525225,87.94009096617101,41.12717934856062,40.66237350505981,45.57204404021063,24.419889502762437,25.728155339805824,26.953125,33.65853658536585,23.076923076923077,18.66152121506731
SEA,3,28.43335168676636,9.066196147445243,14.817647862624542,4.075616745446058,44.642857142857125,N,WE,4,5,0,0,633,164.23125960930574,40.564554087552,67.74941305833751,45.8172114743162,49.04606793857607,53.97292525014714,62.72536687631028,31.871734453437146,64.29421418182659,17.888240409903887,22.05703473442357,39.098436062557504,43.94447103877454,29.585635359116026,54.61165048543689,60.15625,50.24390243902439,46.745562130177504,26.85439628575113
SEA,4,28.18276396121588,7.882347882177219,0.0,0.0,109.28571428571428,Y,WE,5,0,0,0,732,190.97304705359767,66.6808756824871,45.810526315789495,49.40627084723149,49.74406700791064,48.34216205611144,47.672955974842765,37.05562954615305,44.94043296334203,45.10947581627942,24.53034193809974,16.099356025758972,21.87649593106749,33.08287292817678,54.36893203883496,75.0,31.21951219512195,44.5266272189349,31.359807938413308
SEA,5,30.760250567329777,10.532534874009263,26.174662056963445,10.50968252266674,41.428571428571416,Y,WE,2,10,10,10,709,211.65186481238575,62.80583206962653,84.17455940534705,46.20413609072715,51.23313168915773,54.934275063763,42.97693920335431,41.07161151521359,61.0157515984418,64.32446551489747,11.77186106230572,34.86660533578657,47.15174724748684,32.19889502762433,62.135922330097095,75.0,46.82926829268292,61.00053792361485,38.02343230721917
SEA,6,28.557661303051034,9.140251197250278,18.855558499491316,4.945734214219987,41.428571428571416,Y,WE,2,5,0,0,776,195.22613324304345,69.82192758120792,45.01989238831342,54.74316210807202,39.32061423918102,52.42299391799098,61.09014675052412,46.0710992726155,43.16467883227848,33.441966476879365,19.98918772807136,57.31370745170194,60.17233125897559,44.83977900552488,62.135922330097095,81.24999999999999,39.02439024390244,61.00053792361485,46.3859485520977
SEA,7,28.46176916421211,8.294748237221908,15.944553910559682,4.5150420964156135,6.428571428571445,Y,WE,4,5,0,0,821,177.78940676646894,82.98840169904634,49.647803719825866,65.20346897931954,37.08701721731036,60.27074749852854,40.29350104821803,58.03708636410203,56.34262837017986,50.81550487591786,22.367887552371947,39.65041398344067,30.30157970320728,59.69060773480663,54.36893203883496,50.0,62.4390243902439,49.70414201183432,43.66474538943066
SEA,8,27.652526331871744,7.570434760657547,14.31141476883292,7.422444650926918,14.642857142857125,Y,WE,4,5,0,0,820,147.34058531113234,67.61851000963841,60.50925435654866,68.61907938625748,44.160074453234046,40.80831861879536,56.39412997903565,65.41337977666221,58.00791502701006,75.53300273288323,35.99135018245711,65.77736890524379,28.003829583532784,66.05524861878456,50.48543689320388,68.75000000000001,31.21951219512195,49.70414201183432,38.64941816053412
SEA,9,27.67170369621528,8.86366465138484,16.21067329773712,5.732702384716258,59.28571428571428,Y,WE,2,5,0,0,822,233.1727814720326,57.65239841690858,32.871914886554144,68.19212808539027,43.043275942298735,60.89856778497155,49.014675052410894,45.66130519413995,26.406976693533917,34.81026240333426,35.55885930531152,31.554737810487577,30.30157970320728,44.75138121546962,69.90291262135922,93.75,39.02439024390244,68.34319526627219,41.1047509449311
UTA,1,29.50119257929924,10.775812798978166,0.0,0.0,13.57142857142859,Y,WE,5,0,0,0,732,191.26559111222588,83.06732177647378,48.88365953050566,65.09673115410271,52.21033038622615,78.98763978811066,67.00209643605871,51.46501383055014,72.59324558470378,58.41628508859243,8.730909582375997,44.96320147194112,33.36524652943992,58.138121546961344,58.7378640776699,73.4375,41.95121951219512,64.49704142011834,22.72150077876212
UTA,2,28.80650894571508,7.264443110841392,14.748802249265458,9.001199926229727,64.28571428571429,Y,WE,3,5,0,0,775,212.63776366255053,69.90413517299505,36.04092197707386,62.82855236824548,53.001395998138655,53.63939572297429,66.28930817610063,33.52627804528224,28.043036469050435,12.315934115655397,23.205838626841462,35.18859245630175,62.66156055528962,37.94475138121548,62.864077669902905,53.515625,75.12195121951218,52.66272189349112,26.225930298310534
UTA,2,28.80650894571508,7.264443110841392,14.748802249265458,9.001199926229727,-20.35714285714286,Y,WE,3,5,0,0,775,212.63776366255053,69.90413517299505,36.04092197707386,62.82855236824548,53.001395998138655,53.63939572297429,66.28930817610063,33.52627804528224,28.043036469050435,12.315934115655397,23.205838626841462,35.18859245630175,62.66156055528962,37.94475138121548,62.864077669902905,53.515625,75.12195121951218,52.66272189349112,26.225930298310534
WAS,1,27.64936278337672,8.90469281159054,15.074854685940208,4.135642325123514,-23.928571428571423,Y,EA,4,5,0,0,646,143.0247654901622,89.09855129933696,40.55885983615752,34.703135423615734,51.81479758026988,45.301157543653126,44.905660377358494,30.82675955332445,87.35250065462154,80.39672418712709,8.730909582375997,48.87304507819688,25.227381522259456,40.66850828729282,42.23300970873786,40.23437499999999,50.24390243902439,64.49704142011834,92.508506860051
WAS,1,27.64936278337672,8.90469281159054,15.074854685940208,4.135642325123514,8.928571428571427,N,EA,4,5,0,0,646,143.0247654901622,89.09855129933696,40.55885983615752,34.703135423615734,51.81479758026988,45.301157543653126,44.905660377358494,30.82675955332445,87.35250065462154,80.39672418712709,8.730909582375997,48.87304507819688,25.227381522259456,40.66850828729282,42.23300970873786,40.23437499999999,50.24390243902439,64.49704142011834,92.508506860051
WAS,2,24.971749473912524,4.602415835127823,0.0,0.0,-6.428571428571438,Y,EA,8,0,0,0,699,61.645639367882175,20.041792098137822,4.52566823757963,59.42628418945962,13.448115402512794,25.28938591328232,45.61844863731657,9.230611617662124,36.57699864902246,66.22594887048982,44.80335180429788,38.70745170193192,26.0411680229775,26.955801104972384,25.728155339805824,46.87499999999999,8.780487804878048,11.242603550295858,93.76494280810708
WAS,3,26.42846548653624,5.777708270383756,19.931162759464943,9.165258052103528,94.64285714285712,N,EA,3,10,0,0,708,219.63771701960368,54.17780990007767,76.08581272594579,55.57038025350232,49.83713355048859,40.63174416323327,22.09643605870021,27.256428644606085,43.90566183381844,43.31590379322382,26.652250304095148,21.11315547378105,24.413595021541408,30.806629834254156,54.61165048543689,53.515625,58.53658536585365,58.57988165680472,100.0
WAS,4,27.26495748634409,8.603835414349962,0.0,0.0,-56.78571428571428,Y,EA,7,0,0,0,703,49.98332514411384,41.83975788731273,29.082111218640662,51.75450300200131,57.18939041414611,58.38728663919953,21.50943396226415,32.30201823583649,83.2609546566491,63.73486939332184,40.532504392485485,65.77736890524379,33.36524652943992,52.883977900552495,19.417475728155345,12.5,39.02439024390244,23.81656804733728,89.81805736054206
WAS,5,30.40853621144848,9.6913577451489,19.97006224512975,8.215133546961654,37.49999999999999,N,EA,4,5,0,0,726,142.19470918397602,50.50200150195161,76.73689524163767,47.05803869246164,19.590507212657037,50.85344320188345,40.9643605870021,31.892224157360904,62.58225696367168,54.616528673982,38.58629544533046,44.80220791168353,27.23791287697463,42.806629834254174,50.48543689320388,62.49999999999999,39.02439024390244,43.49112426035502,77.78345452922095
WAS,6,27.56430016028372,9.261297913969246,0.0,0.0,-11.42857142857143,Y,EA,5,0,0,0,677,123.75148955658231,62.12012521500719,63.95989974937345,21.44096064042694,38.20381572824568,64.97939964685109,6.07966457023061,26.81077758426391,80.7860159391973,56.96125766048921,20.85416948236248,48.8500459981601,24.94016275730014,35.823204419889514,46.60194174757281,56.25,39.02439024390244,43.49112426035502,56.48059047033264
WAS,7,31.542603385547974,12.788114329914654,14.542292429796932,4.432858292534004,46.428571428571445,N,EA,4,5,0,0,770,171.63590573592137,92.05002160077883,66.60328983377984,54.95663775850564,60.16751977664029,92.28958210712184,30.901467505241097,66.4788443806987,66.31704515132783,75.19133504864962,24.53034193809974,62.8334866605336,10.38774533269507,66.93922651933701,54.36893203883496,75.0,31.21951219512195,62.1301775147929,37.50954851638377
WAS,8,28.386396889667324,9.84246796360404,0.0,0.0,-7.142857142857142,N,EA,5,0,0,0,783,121.45493847928503,37.30116362508687,27.355320118478016,58.79919946631086,21.45183806421592,85.69746909947028,44.31865828092244,53.20151623809036,48.4489012282308,48.94638509012387,60.64333017975403,50.3219871205152,21.110579224509333,65.34806629834257,46.60194174757281,43.74999999999999,54.634146341463406,37.27810650887574,37.50954851638377
WAS,8,28.386396889667324,9.84246796360404,0.0,0.0,42.85714285714285,N,EA,5,0,0,0,783,121.45493847928503,37.30116362508687,27.355320118478016,58.79919946631086,21.45183806421592,85.69746909947028,44.31865828092244,53.20151623809036,48.4489012282308,48.94638509012387,60.64333017975403,50.3219871205152,21.110579224509333,65.34806629834257,46.60194174757281,43.74999999999999,54.634146341463406,37.27810650887574,37.50954851638377
WAS,9,24.737004950864694,6.799162344469853,0.0,0.0,-17.857142857142854,N,EA,6,0,0,0,770,41.93032538889244,47.848336497582345,63.52075841778362,61.7878585723816,25.546765937645404,83.81400824014126,17.48427672955975,35.416453232250774,78.76177569364896,52.49126744249176,35.77510474388432,47.74609015639375,54.04499760651029,61.9889502762431,23.300970873786408,31.25,23.41463414634146,24.85207100591716,48.11559409132845
WAS,9,24.737004950864694,6.799162344469853,0.0,0.0,-40.0,Y,EA,6,0,0,0,770,41.93032538889244,47.848336497582345,63.52075841778362,61.7878585723816,25.546765937645404,83.81400824014126,17.48427672955975,35.416453232250774,78.76177569364896,52.49126744249176,35.77510474388432,47.74609015639375,54.04499760651029,61.9889502762431,23.300970873786408,31.25,23.41463414634146,24.85207100591716,48.11559409132845
